category,image_name,image_path
Action,001.jpg,data/Stimuli\Action\001.jpg
Action,003.jpg,data/Stimuli\Action\003.jpg
Action,005.jpg,data/Stimuli\Action\005.jpg
Action,007.jpg,data/Stimuli\Action\007.jpg
Action,009.jpg,data/Stimuli\Action\009.jpg
Action,011.jpg,data/Stimuli\Action\011.jpg
Action,013.jpg,data/Stimuli\Action\013.jpg
Action,015.jpg,data/Stimuli\Action\015.jpg
Action,017.jpg,data/Stimuli\Action\017.jpg
Action,019.jpg,data/Stimuli\Action\019.jpg
Action,021.jpg,data/Stimuli\Action\021.jpg
Action,023.jpg,data/Stimuli\Action\023.jpg
Action,025.jpg,data/Stimuli\Action\025.jpg
Action,027.jpg,data/Stimuli\Action\027.jpg
Action,029.jpg,data/Stimuli\Action\029.jpg
Action,031.jpg,data/Stimuli\Action\031.jpg
Action,033.jpg,data/Stimuli\Action\033.jpg
Action,035.jpg,data/Stimuli\Action\035.jpg
Action,037.jpg,data/Stimuli\Action\037.jpg
Action,039.jpg,data/Stimuli\Action\039.jpg
Action,041.jpg,data/Stimuli\Action\041.jpg
Action,043.jpg,data/Stimuli\Action\043.jpg
Action,045.jpg,data/Stimuli\Action\045.jpg
Action,047.jpg,data/Stimuli\Action\047.jpg
Action,049.jpg,data/Stimuli\Action\049.jpg
Action,051.jpg,data/Stimuli\Action\051.jpg
Action,053.jpg,data/Stimuli\Action\053.jpg
Action,055.jpg,data/Stimuli\Action\055.jpg
Action,057.jpg,data/Stimuli\Action\057.jpg
Action,059.jpg,data/Stimuli\Action\059.jpg
Action,061.jpg,data/Stimuli\Action\061.jpg
Action,063.jpg,data/Stimuli\Action\063.jpg
Action,065.jpg,data/Stimuli\Action\065.jpg
Action,067.jpg,data/Stimuli\Action\067.jpg
Action,069.jpg,data/Stimuli\Action\069.jpg
Action,071.jpg,data/Stimuli\Action\071.jpg
Action,073.jpg,data/Stimuli\Action\073.jpg
Action,075.jpg,data/Stimuli\Action\075.jpg
Action,077.jpg,data/Stimuli\Action\077.jpg
Action,079.jpg,data/Stimuli\Action\079.jpg
Action,081.jpg,data/Stimuli\Action\081.jpg
Action,083.jpg,data/Stimuli\Action\083.jpg
Action,085.jpg,data/Stimuli\Action\085.jpg
Action,087.jpg,data/Stimuli\Action\087.jpg
Action,089.jpg,data/Stimuli\Action\089.jpg
Action,091.jpg,data/Stimuli\Action\091.jpg
Action,093.jpg,data/Stimuli\Action\093.jpg
Action,095.jpg,data/Stimuli\Action\095.jpg
Action,097.jpg,data/Stimuli\Action\097.jpg
Action,099.jpg,data/Stimuli\Action\099.jpg
Action,101.jpg,data/Stimuli\Action\101.jpg
Action,103.jpg,data/Stimuli\Action\103.jpg
Action,105.jpg,data/Stimuli\Action\105.jpg
Action,107.jpg,data/Stimuli\Action\107.jpg
Action,109.jpg,data/Stimuli\Action\109.jpg
Action,111.jpg,data/Stimuli\Action\111.jpg
Action,113.jpg,data/Stimuli\Action\113.jpg
Action,115.jpg,data/Stimuli\Action\115.jpg
Action,117.jpg,data/Stimuli\Action\117.jpg
Action,119.jpg,data/Stimuli\Action\119.jpg
Action,121.jpg,data/Stimuli\Action\121.jpg
Action,123.jpg,data/Stimuli\Action\123.jpg
Action,125.jpg,data/Stimuli\Action\125.jpg
Action,127.jpg,data/Stimuli\Action\127.jpg
Action,129.jpg,data/Stimuli\Action\129.jpg
Action,131.jpg,data/Stimuli\Action\131.jpg
Action,133.jpg,data/Stimuli\Action\133.jpg
Action,135.jpg,data/Stimuli\Action\135.jpg
Action,137.jpg,data/Stimuli\Action\137.jpg
Action,139.jpg,data/Stimuli\Action\139.jpg
Action,141.jpg,data/Stimuli\Action\141.jpg
Action,143.jpg,data/Stimuli\Action\143.jpg
Action,145.jpg,data/Stimuli\Action\145.jpg
Action,147.jpg,data/Stimuli\Action\147.jpg
Action,149.jpg,data/Stimuli\Action\149.jpg
Action,151.jpg,data/Stimuli\Action\151.jpg
Action,153.jpg,data/Stimuli\Action\153.jpg
Action,155.jpg,data/Stimuli\Action\155.jpg
Action,157.jpg,data/Stimuli\Action\157.jpg
Action,159.jpg,data/Stimuli\Action\159.jpg
Action,161.jpg,data/Stimuli\Action\161.jpg
Action,163.jpg,data/Stimuli\Action\163.jpg
Action,165.jpg,data/Stimuli\Action\165.jpg
Action,167.jpg,data/Stimuli\Action\167.jpg
Action,169.jpg,data/Stimuli\Action\169.jpg
Action,171.jpg,data/Stimuli\Action\171.jpg
Action,173.jpg,data/Stimuli\Action\173.jpg
Action,175.jpg,data/Stimuli\Action\175.jpg
Action,177.jpg,data/Stimuli\Action\177.jpg
Action,179.jpg,data/Stimuli\Action\179.jpg
Action,181.jpg,data/Stimuli\Action\181.jpg
Action,183.jpg,data/Stimuli\Action\183.jpg
Action,185.jpg,data/Stimuli\Action\185.jpg
Action,187.jpg,data/Stimuli\Action\187.jpg
Action,189.jpg,data/Stimuli\Action\189.jpg
Action,191.jpg,data/Stimuli\Action\191.jpg
Action,193.jpg,data/Stimuli\Action\193.jpg
Action,195.jpg,data/Stimuli\Action\195.jpg
Action,197.jpg,data/Stimuli\Action\197.jpg
Action,199.jpg,data/Stimuli\Action\199.jpg
Affective,001.jpg,data/Stimuli\Affective\001.jpg
Affective,003.jpg,data/Stimuli\Affective\003.jpg
Affective,005.jpg,data/Stimuli\Affective\005.jpg
Affective,007.jpg,data/Stimuli\Affective\007.jpg
Affective,009.jpg,data/Stimuli\Affective\009.jpg
Affective,011.jpg,data/Stimuli\Affective\011.jpg
Affective,013.jpg,data/Stimuli\Affective\013.jpg
Affective,015.jpg,data/Stimuli\Affective\015.jpg
Affective,017.jpg,data/Stimuli\Affective\017.jpg
Affective,019.jpg,data/Stimuli\Affective\019.jpg
Affective,021.jpg,data/Stimuli\Affective\021.jpg
Affective,023.jpg,data/Stimuli\Affective\023.jpg
Affective,025.jpg,data/Stimuli\Affective\025.jpg
Affective,027.jpg,data/Stimuli\Affective\027.jpg
Affective,029.jpg,data/Stimuli\Affective\029.jpg
Affective,031.jpg,data/Stimuli\Affective\031.jpg
Affective,033.jpg,data/Stimuli\Affective\033.jpg
Affective,035.jpg,data/Stimuli\Affective\035.jpg
Affective,037.jpg,data/Stimuli\Affective\037.jpg
Affective,039.jpg,data/Stimuli\Affective\039.jpg
Affective,041.jpg,data/Stimuli\Affective\041.jpg
Affective,043.jpg,data/Stimuli\Affective\043.jpg
Affective,045.jpg,data/Stimuli\Affective\045.jpg
Affective,047.jpg,data/Stimuli\Affective\047.jpg
Affective,049.jpg,data/Stimuli\Affective\049.jpg
Affective,051.jpg,data/Stimuli\Affective\051.jpg
Affective,053.jpg,data/Stimuli\Affective\053.jpg
Affective,055.jpg,data/Stimuli\Affective\055.jpg
Affective,057.jpg,data/Stimuli\Affective\057.jpg
Affective,059.jpg,data/Stimuli\Affective\059.jpg
Affective,061.jpg,data/Stimuli\Affective\061.jpg
Affective,063.jpg,data/Stimuli\Affective\063.jpg
Affective,065.jpg,data/Stimuli\Affective\065.jpg
Affective,067.jpg,data/Stimuli\Affective\067.jpg
Affective,069.jpg,data/Stimuli\Affective\069.jpg
Affective,071.jpg,data/Stimuli\Affective\071.jpg
Affective,073.jpg,data/Stimuli\Affective\073.jpg
Affective,075.jpg,data/Stimuli\Affective\075.jpg
Affective,077.jpg,data/Stimuli\Affective\077.jpg
Affective,079.jpg,data/Stimuli\Affective\079.jpg
Affective,081.jpg,data/Stimuli\Affective\081.jpg
Affective,083.jpg,data/Stimuli\Affective\083.jpg
Affective,085.jpg,data/Stimuli\Affective\085.jpg
Affective,087.jpg,data/Stimuli\Affective\087.jpg
Affective,089.jpg,data/Stimuli\Affective\089.jpg
Affective,091.jpg,data/Stimuli\Affective\091.jpg
Affective,093.jpg,data/Stimuli\Affective\093.jpg
Affective,095.jpg,data/Stimuli\Affective\095.jpg
Affective,097.jpg,data/Stimuli\Affective\097.jpg
Affective,099.jpg,data/Stimuli\Affective\099.jpg
Affective,101.jpg,data/Stimuli\Affective\101.jpg
Affective,103.jpg,data/Stimuli\Affective\103.jpg
Affective,105.jpg,data/Stimuli\Affective\105.jpg
Affective,107.jpg,data/Stimuli\Affective\107.jpg
Affective,109.jpg,data/Stimuli\Affective\109.jpg
Affective,111.jpg,data/Stimuli\Affective\111.jpg
Affective,113.jpg,data/Stimuli\Affective\113.jpg
Affective,115.jpg,data/Stimuli\Affective\115.jpg
Affective,117.jpg,data/Stimuli\Affective\117.jpg
Affective,119.jpg,data/Stimuli\Affective\119.jpg
Affective,121.jpg,data/Stimuli\Affective\121.jpg
Affective,123.jpg,data/Stimuli\Affective\123.jpg
Affective,125.jpg,data/Stimuli\Affective\125.jpg
Affective,127.jpg,data/Stimuli\Affective\127.jpg
Affective,129.jpg,data/Stimuli\Affective\129.jpg
Affective,131.jpg,data/Stimuli\Affective\131.jpg
Affective,133.jpg,data/Stimuli\Affective\133.jpg
Affective,135.jpg,data/Stimuli\Affective\135.jpg
Affective,137.jpg,data/Stimuli\Affective\137.jpg
Affective,139.jpg,data/Stimuli\Affective\139.jpg
Affective,141.jpg,data/Stimuli\Affective\141.jpg
Affective,143.jpg,data/Stimuli\Affective\143.jpg
Affective,145.jpg,data/Stimuli\Affective\145.jpg
Affective,147.jpg,data/Stimuli\Affective\147.jpg
Affective,149.jpg,data/Stimuli\Affective\149.jpg
Affective,151.jpg,data/Stimuli\Affective\151.jpg
Affective,153.jpg,data/Stimuli\Affective\153.jpg
Affective,155.jpg,data/Stimuli\Affective\155.jpg
Affective,157.jpg,data/Stimuli\Affective\157.jpg
Affective,159.jpg,data/Stimuli\Affective\159.jpg
Affective,161.jpg,data/Stimuli\Affective\161.jpg
Affective,163.jpg,data/Stimuli\Affective\163.jpg
Affective,165.jpg,data/Stimuli\Affective\165.jpg
Affective,167.jpg,data/Stimuli\Affective\167.jpg
Affective,169.jpg,data/Stimuli\Affective\169.jpg
Affective,171.jpg,data/Stimuli\Affective\171.jpg
Affective,173.jpg,data/Stimuli\Affective\173.jpg
Affective,175.jpg,data/Stimuli\Affective\175.jpg
Affective,177.jpg,data/Stimuli\Affective\177.jpg
Affective,179.jpg,data/Stimuli\Affective\179.jpg
Affective,181.jpg,data/Stimuli\Affective\181.jpg
Affective,183.jpg,data/Stimuli\Affective\183.jpg
Affective,185.jpg,data/Stimuli\Affective\185.jpg
Affective,187.jpg,data/Stimuli\Affective\187.jpg
Affective,189.jpg,data/Stimuli\Affective\189.jpg
Affective,191.jpg,data/Stimuli\Affective\191.jpg
Affective,193.jpg,data/Stimuli\Affective\193.jpg
Affective,195.jpg,data/Stimuli\Affective\195.jpg
Affective,197.jpg,data/Stimuli\Affective\197.jpg
Affective,199.jpg,data/Stimuli\Affective\199.jpg
Art,001.jpg,data/Stimuli\Art\001.jpg
Art,003.jpg,data/Stimuli\Art\003.jpg
Art,005.jpg,data/Stimuli\Art\005.jpg
Art,007.jpg,data/Stimuli\Art\007.jpg
Art,009.jpg,data/Stimuli\Art\009.jpg
Art,011.jpg,data/Stimuli\Art\011.jpg
Art,013.jpg,data/Stimuli\Art\013.jpg
Art,015.jpg,data/Stimuli\Art\015.jpg
Art,017.jpg,data/Stimuli\Art\017.jpg
Art,019.jpg,data/Stimuli\Art\019.jpg
Art,021.jpg,data/Stimuli\Art\021.jpg
Art,023.jpg,data/Stimuli\Art\023.jpg
Art,025.jpg,data/Stimuli\Art\025.jpg
Art,027.jpg,data/Stimuli\Art\027.jpg
Art,029.jpg,data/Stimuli\Art\029.jpg
Art,031.jpg,data/Stimuli\Art\031.jpg
Art,033.jpg,data/Stimuli\Art\033.jpg
Art,035.jpg,data/Stimuli\Art\035.jpg
Art,037.jpg,data/Stimuli\Art\037.jpg
Art,039.jpg,data/Stimuli\Art\039.jpg
Art,041.jpg,data/Stimuli\Art\041.jpg
Art,043.jpg,data/Stimuli\Art\043.jpg
Art,045.jpg,data/Stimuli\Art\045.jpg
Art,047.jpg,data/Stimuli\Art\047.jpg
Art,049.jpg,data/Stimuli\Art\049.jpg
Art,051.jpg,data/Stimuli\Art\051.jpg
Art,053.jpg,data/Stimuli\Art\053.jpg
Art,055.jpg,data/Stimuli\Art\055.jpg
Art,057.jpg,data/Stimuli\Art\057.jpg
Art,059.jpg,data/Stimuli\Art\059.jpg
Art,061.jpg,data/Stimuli\Art\061.jpg
Art,063.jpg,data/Stimuli\Art\063.jpg
Art,065.jpg,data/Stimuli\Art\065.jpg
Art,067.jpg,data/Stimuli\Art\067.jpg
Art,069.jpg,data/Stimuli\Art\069.jpg
Art,071.jpg,data/Stimuli\Art\071.jpg
Art,073.jpg,data/Stimuli\Art\073.jpg
Art,075.jpg,data/Stimuli\Art\075.jpg
Art,077.jpg,data/Stimuli\Art\077.jpg
Art,079.jpg,data/Stimuli\Art\079.jpg
Art,081.jpg,data/Stimuli\Art\081.jpg
Art,083.jpg,data/Stimuli\Art\083.jpg
Art,085.jpg,data/Stimuli\Art\085.jpg
Art,087.jpg,data/Stimuli\Art\087.jpg
Art,089.jpg,data/Stimuli\Art\089.jpg
Art,091.jpg,data/Stimuli\Art\091.jpg
Art,093.jpg,data/Stimuli\Art\093.jpg
Art,095.jpg,data/Stimuli\Art\095.jpg
Art,097.jpg,data/Stimuli\Art\097.jpg
Art,099.jpg,data/Stimuli\Art\099.jpg
Art,101.jpg,data/Stimuli\Art\101.jpg
Art,103.jpg,data/Stimuli\Art\103.jpg
Art,105.jpg,data/Stimuli\Art\105.jpg
Art,107.jpg,data/Stimuli\Art\107.jpg
Art,109.jpg,data/Stimuli\Art\109.jpg
Art,111.jpg,data/Stimuli\Art\111.jpg
Art,113.jpg,data/Stimuli\Art\113.jpg
Art,115.jpg,data/Stimuli\Art\115.jpg
Art,117.jpg,data/Stimuli\Art\117.jpg
Art,119.jpg,data/Stimuli\Art\119.jpg
Art,121.jpg,data/Stimuli\Art\121.jpg
Art,123.jpg,data/Stimuli\Art\123.jpg
Art,125.jpg,data/Stimuli\Art\125.jpg
Art,127.jpg,data/Stimuli\Art\127.jpg
Art,129.jpg,data/Stimuli\Art\129.jpg
Art,131.jpg,data/Stimuli\Art\131.jpg
Art,133.jpg,data/Stimuli\Art\133.jpg
Art,135.jpg,data/Stimuli\Art\135.jpg
Art,137.jpg,data/Stimuli\Art\137.jpg
Art,139.jpg,data/Stimuli\Art\139.jpg
Art,141.jpg,data/Stimuli\Art\141.jpg
Art,143.jpg,data/Stimuli\Art\143.jpg
Art,145.jpg,data/Stimuli\Art\145.jpg
Art,147.jpg,data/Stimuli\Art\147.jpg
Art,149.jpg,data/Stimuli\Art\149.jpg
Art,151.jpg,data/Stimuli\Art\151.jpg
Art,153.jpg,data/Stimuli\Art\153.jpg
Art,155.jpg,data/Stimuli\Art\155.jpg
Art,157.jpg,data/Stimuli\Art\157.jpg
Art,159.jpg,data/Stimuli\Art\159.jpg
Art,161.jpg,data/Stimuli\Art\161.jpg
Art,163.jpg,data/Stimuli\Art\163.jpg
Art,165.jpg,data/Stimuli\Art\165.jpg
Art,167.jpg,data/Stimuli\Art\167.jpg
Art,169.jpg,data/Stimuli\Art\169.jpg
Art,171.jpg,data/Stimuli\Art\171.jpg
Art,173.jpg,data/Stimuli\Art\173.jpg
Art,175.jpg,data/Stimuli\Art\175.jpg
Art,177.jpg,data/Stimuli\Art\177.jpg
Art,179.jpg,data/Stimuli\Art\179.jpg
Art,181.jpg,data/Stimuli\Art\181.jpg
Art,183.jpg,data/Stimuli\Art\183.jpg
Art,185.jpg,data/Stimuli\Art\185.jpg
Art,187.jpg,data/Stimuli\Art\187.jpg
Art,189.jpg,data/Stimuli\Art\189.jpg
Art,191.jpg,data/Stimuli\Art\191.jpg
Art,193.jpg,data/Stimuli\Art\193.jpg
Art,195.jpg,data/Stimuli\Art\195.jpg
Art,197.jpg,data/Stimuli\Art\197.jpg
Art,199.jpg,data/Stimuli\Art\199.jpg
BlackWhite,001.jpg,data/Stimuli\BlackWhite\001.jpg
BlackWhite,003.jpg,data/Stimuli\BlackWhite\003.jpg
BlackWhite,005.jpg,data/Stimuli\BlackWhite\005.jpg
BlackWhite,007.jpg,data/Stimuli\BlackWhite\007.jpg
BlackWhite,009.jpg,data/Stimuli\BlackWhite\009.jpg
BlackWhite,011.jpg,data/Stimuli\BlackWhite\011.jpg
BlackWhite,013.jpg,data/Stimuli\BlackWhite\013.jpg
BlackWhite,015.jpg,data/Stimuli\BlackWhite\015.jpg
BlackWhite,017.jpg,data/Stimuli\BlackWhite\017.jpg
BlackWhite,019.jpg,data/Stimuli\BlackWhite\019.jpg
BlackWhite,021.jpg,data/Stimuli\BlackWhite\021.jpg
BlackWhite,023.jpg,data/Stimuli\BlackWhite\023.jpg
BlackWhite,025.jpg,data/Stimuli\BlackWhite\025.jpg
BlackWhite,027.jpg,data/Stimuli\BlackWhite\027.jpg
BlackWhite,029.jpg,data/Stimuli\BlackWhite\029.jpg
BlackWhite,031.jpg,data/Stimuli\BlackWhite\031.jpg
BlackWhite,033.jpg,data/Stimuli\BlackWhite\033.jpg
BlackWhite,035.jpg,data/Stimuli\BlackWhite\035.jpg
BlackWhite,037.jpg,data/Stimuli\BlackWhite\037.jpg
BlackWhite,039.jpg,data/Stimuli\BlackWhite\039.jpg
BlackWhite,041.jpg,data/Stimuli\BlackWhite\041.jpg
BlackWhite,043.jpg,data/Stimuli\BlackWhite\043.jpg
BlackWhite,045.jpg,data/Stimuli\BlackWhite\045.jpg
BlackWhite,047.jpg,data/Stimuli\BlackWhite\047.jpg
BlackWhite,049.jpg,data/Stimuli\BlackWhite\049.jpg
BlackWhite,051.jpg,data/Stimuli\BlackWhite\051.jpg
BlackWhite,053.jpg,data/Stimuli\BlackWhite\053.jpg
BlackWhite,055.jpg,data/Stimuli\BlackWhite\055.jpg
BlackWhite,057.jpg,data/Stimuli\BlackWhite\057.jpg
BlackWhite,059.jpg,data/Stimuli\BlackWhite\059.jpg
BlackWhite,061.jpg,data/Stimuli\BlackWhite\061.jpg
BlackWhite,063.jpg,data/Stimuli\BlackWhite\063.jpg
BlackWhite,065.jpg,data/Stimuli\BlackWhite\065.jpg
BlackWhite,067.jpg,data/Stimuli\BlackWhite\067.jpg
BlackWhite,069.jpg,data/Stimuli\BlackWhite\069.jpg
BlackWhite,071.jpg,data/Stimuli\BlackWhite\071.jpg
BlackWhite,073.jpg,data/Stimuli\BlackWhite\073.jpg
BlackWhite,075.jpg,data/Stimuli\BlackWhite\075.jpg
BlackWhite,077.jpg,data/Stimuli\BlackWhite\077.jpg
BlackWhite,079.jpg,data/Stimuli\BlackWhite\079.jpg
BlackWhite,081.jpg,data/Stimuli\BlackWhite\081.jpg
BlackWhite,083.jpg,data/Stimuli\BlackWhite\083.jpg
BlackWhite,085.jpg,data/Stimuli\BlackWhite\085.jpg
BlackWhite,087.jpg,data/Stimuli\BlackWhite\087.jpg
BlackWhite,089.jpg,data/Stimuli\BlackWhite\089.jpg
BlackWhite,091.jpg,data/Stimuli\BlackWhite\091.jpg
BlackWhite,093.jpg,data/Stimuli\BlackWhite\093.jpg
BlackWhite,095.jpg,data/Stimuli\BlackWhite\095.jpg
BlackWhite,097.jpg,data/Stimuli\BlackWhite\097.jpg
BlackWhite,099.jpg,data/Stimuli\BlackWhite\099.jpg
BlackWhite,101.jpg,data/Stimuli\BlackWhite\101.jpg
BlackWhite,103.jpg,data/Stimuli\BlackWhite\103.jpg
BlackWhite,105.jpg,data/Stimuli\BlackWhite\105.jpg
BlackWhite,107.jpg,data/Stimuli\BlackWhite\107.jpg
BlackWhite,109.jpg,data/Stimuli\BlackWhite\109.jpg
BlackWhite,111.jpg,data/Stimuli\BlackWhite\111.jpg
BlackWhite,113.jpg,data/Stimuli\BlackWhite\113.jpg
BlackWhite,115.jpg,data/Stimuli\BlackWhite\115.jpg
BlackWhite,117.jpg,data/Stimuli\BlackWhite\117.jpg
BlackWhite,119.jpg,data/Stimuli\BlackWhite\119.jpg
BlackWhite,121.jpg,data/Stimuli\BlackWhite\121.jpg
BlackWhite,123.jpg,data/Stimuli\BlackWhite\123.jpg
BlackWhite,125.jpg,data/Stimuli\BlackWhite\125.jpg
BlackWhite,127.jpg,data/Stimuli\BlackWhite\127.jpg
BlackWhite,129.jpg,data/Stimuli\BlackWhite\129.jpg
BlackWhite,131.jpg,data/Stimuli\BlackWhite\131.jpg
BlackWhite,133.jpg,data/Stimuli\BlackWhite\133.jpg
BlackWhite,135.jpg,data/Stimuli\BlackWhite\135.jpg
BlackWhite,137.jpg,data/Stimuli\BlackWhite\137.jpg
BlackWhite,139.jpg,data/Stimuli\BlackWhite\139.jpg
BlackWhite,141.jpg,data/Stimuli\BlackWhite\141.jpg
BlackWhite,143.jpg,data/Stimuli\BlackWhite\143.jpg
BlackWhite,145.jpg,data/Stimuli\BlackWhite\145.jpg
BlackWhite,147.jpg,data/Stimuli\BlackWhite\147.jpg
BlackWhite,149.jpg,data/Stimuli\BlackWhite\149.jpg
BlackWhite,151.jpg,data/Stimuli\BlackWhite\151.jpg
BlackWhite,153.jpg,data/Stimuli\BlackWhite\153.jpg
BlackWhite,155.jpg,data/Stimuli\BlackWhite\155.jpg
BlackWhite,157.jpg,data/Stimuli\BlackWhite\157.jpg
BlackWhite,159.jpg,data/Stimuli\BlackWhite\159.jpg
BlackWhite,161.jpg,data/Stimuli\BlackWhite\161.jpg
BlackWhite,163.jpg,data/Stimuli\BlackWhite\163.jpg
BlackWhite,165.jpg,data/Stimuli\BlackWhite\165.jpg
BlackWhite,167.jpg,data/Stimuli\BlackWhite\167.jpg
BlackWhite,169.jpg,data/Stimuli\BlackWhite\169.jpg
BlackWhite,171.jpg,data/Stimuli\BlackWhite\171.jpg
BlackWhite,173.jpg,data/Stimuli\BlackWhite\173.jpg
BlackWhite,175.jpg,data/Stimuli\BlackWhite\175.jpg
BlackWhite,177.jpg,data/Stimuli\BlackWhite\177.jpg
BlackWhite,179.jpg,data/Stimuli\BlackWhite\179.jpg
BlackWhite,181.jpg,data/Stimuli\BlackWhite\181.jpg
BlackWhite,183.jpg,data/Stimuli\BlackWhite\183.jpg
BlackWhite,185.jpg,data/Stimuli\BlackWhite\185.jpg
BlackWhite,187.jpg,data/Stimuli\BlackWhite\187.jpg
BlackWhite,189.jpg,data/Stimuli\BlackWhite\189.jpg
BlackWhite,191.jpg,data/Stimuli\BlackWhite\191.jpg
BlackWhite,193.jpg,data/Stimuli\BlackWhite\193.jpg
BlackWhite,195.jpg,data/Stimuli\BlackWhite\195.jpg
BlackWhite,197.jpg,data/Stimuli\BlackWhite\197.jpg
BlackWhite,199.jpg,data/Stimuli\BlackWhite\199.jpg
Cartoon,001.jpg,data/Stimuli\Cartoon\001.jpg
Cartoon,003.jpg,data/Stimuli\Cartoon\003.jpg
Cartoon,005.jpg,data/Stimuli\Cartoon\005.jpg
Cartoon,007.jpg,data/Stimuli\Cartoon\007.jpg
Cartoon,009.jpg,data/Stimuli\Cartoon\009.jpg
Cartoon,011.jpg,data/Stimuli\Cartoon\011.jpg
Cartoon,013.jpg,data/Stimuli\Cartoon\013.jpg
Cartoon,015.jpg,data/Stimuli\Cartoon\015.jpg
Cartoon,017.jpg,data/Stimuli\Cartoon\017.jpg
Cartoon,019.jpg,data/Stimuli\Cartoon\019.jpg
Cartoon,021.jpg,data/Stimuli\Cartoon\021.jpg
Cartoon,023.jpg,data/Stimuli\Cartoon\023.jpg
Cartoon,025.jpg,data/Stimuli\Cartoon\025.jpg
Cartoon,027.jpg,data/Stimuli\Cartoon\027.jpg
Cartoon,029.jpg,data/Stimuli\Cartoon\029.jpg
Cartoon,031.jpg,data/Stimuli\Cartoon\031.jpg
Cartoon,033.jpg,data/Stimuli\Cartoon\033.jpg
Cartoon,035.jpg,data/Stimuli\Cartoon\035.jpg
Cartoon,037.jpg,data/Stimuli\Cartoon\037.jpg
Cartoon,039.jpg,data/Stimuli\Cartoon\039.jpg
Cartoon,041.jpg,data/Stimuli\Cartoon\041.jpg
Cartoon,043.jpg,data/Stimuli\Cartoon\043.jpg
Cartoon,045.jpg,data/Stimuli\Cartoon\045.jpg
Cartoon,047.jpg,data/Stimuli\Cartoon\047.jpg
Cartoon,049.jpg,data/Stimuli\Cartoon\049.jpg
Cartoon,051.jpg,data/Stimuli\Cartoon\051.jpg
Cartoon,053.jpg,data/Stimuli\Cartoon\053.jpg
Cartoon,055.jpg,data/Stimuli\Cartoon\055.jpg
Cartoon,057.jpg,data/Stimuli\Cartoon\057.jpg
Cartoon,059.jpg,data/Stimuli\Cartoon\059.jpg
Cartoon,061.jpg,data/Stimuli\Cartoon\061.jpg
Cartoon,063.jpg,data/Stimuli\Cartoon\063.jpg
Cartoon,065.jpg,data/Stimuli\Cartoon\065.jpg
Cartoon,067.jpg,data/Stimuli\Cartoon\067.jpg
Cartoon,069.jpg,data/Stimuli\Cartoon\069.jpg
Cartoon,071.jpg,data/Stimuli\Cartoon\071.jpg
Cartoon,073.jpg,data/Stimuli\Cartoon\073.jpg
Cartoon,075.jpg,data/Stimuli\Cartoon\075.jpg
Cartoon,077.jpg,data/Stimuli\Cartoon\077.jpg
Cartoon,079.jpg,data/Stimuli\Cartoon\079.jpg
Cartoon,081.jpg,data/Stimuli\Cartoon\081.jpg
Cartoon,083.jpg,data/Stimuli\Cartoon\083.jpg
Cartoon,085.jpg,data/Stimuli\Cartoon\085.jpg
Cartoon,087.jpg,data/Stimuli\Cartoon\087.jpg
Cartoon,089.jpg,data/Stimuli\Cartoon\089.jpg
Cartoon,091.jpg,data/Stimuli\Cartoon\091.jpg
Cartoon,093.jpg,data/Stimuli\Cartoon\093.jpg
Cartoon,095.jpg,data/Stimuli\Cartoon\095.jpg
Cartoon,097.jpg,data/Stimuli\Cartoon\097.jpg
Cartoon,099.jpg,data/Stimuli\Cartoon\099.jpg
Cartoon,101.jpg,data/Stimuli\Cartoon\101.jpg
Cartoon,103.jpg,data/Stimuli\Cartoon\103.jpg
Cartoon,105.jpg,data/Stimuli\Cartoon\105.jpg
Cartoon,107.jpg,data/Stimuli\Cartoon\107.jpg
Cartoon,109.jpg,data/Stimuli\Cartoon\109.jpg
Cartoon,111.jpg,data/Stimuli\Cartoon\111.jpg
Cartoon,113.jpg,data/Stimuli\Cartoon\113.jpg
Cartoon,115.jpg,data/Stimuli\Cartoon\115.jpg
Cartoon,117.jpg,data/Stimuli\Cartoon\117.jpg
Cartoon,119.jpg,data/Stimuli\Cartoon\119.jpg
Cartoon,121.jpg,data/Stimuli\Cartoon\121.jpg
Cartoon,123.jpg,data/Stimuli\Cartoon\123.jpg
Cartoon,125.jpg,data/Stimuli\Cartoon\125.jpg
Cartoon,127.jpg,data/Stimuli\Cartoon\127.jpg
Cartoon,129.jpg,data/Stimuli\Cartoon\129.jpg
Cartoon,131.jpg,data/Stimuli\Cartoon\131.jpg
Cartoon,133.jpg,data/Stimuli\Cartoon\133.jpg
Cartoon,135.jpg,data/Stimuli\Cartoon\135.jpg
Cartoon,137.jpg,data/Stimuli\Cartoon\137.jpg
Cartoon,139.jpg,data/Stimuli\Cartoon\139.jpg
Cartoon,141.jpg,data/Stimuli\Cartoon\141.jpg
Cartoon,143.jpg,data/Stimuli\Cartoon\143.jpg
Cartoon,145.jpg,data/Stimuli\Cartoon\145.jpg
Cartoon,147.jpg,data/Stimuli\Cartoon\147.jpg
Cartoon,149.jpg,data/Stimuli\Cartoon\149.jpg
Cartoon,151.jpg,data/Stimuli\Cartoon\151.jpg
Cartoon,153.jpg,data/Stimuli\Cartoon\153.jpg
Cartoon,155.jpg,data/Stimuli\Cartoon\155.jpg
Cartoon,157.jpg,data/Stimuli\Cartoon\157.jpg
Cartoon,159.jpg,data/Stimuli\Cartoon\159.jpg
Cartoon,161.jpg,data/Stimuli\Cartoon\161.jpg
Cartoon,163.jpg,data/Stimuli\Cartoon\163.jpg
Cartoon,165.jpg,data/Stimuli\Cartoon\165.jpg
Cartoon,167.jpg,data/Stimuli\Cartoon\167.jpg
Cartoon,169.jpg,data/Stimuli\Cartoon\169.jpg
Cartoon,171.jpg,data/Stimuli\Cartoon\171.jpg
Cartoon,173.jpg,data/Stimuli\Cartoon\173.jpg
Cartoon,175.jpg,data/Stimuli\Cartoon\175.jpg
Cartoon,177.jpg,data/Stimuli\Cartoon\177.jpg
Cartoon,179.jpg,data/Stimuli\Cartoon\179.jpg
Cartoon,181.jpg,data/Stimuli\Cartoon\181.jpg
Cartoon,183.jpg,data/Stimuli\Cartoon\183.jpg
Cartoon,185.jpg,data/Stimuli\Cartoon\185.jpg
Cartoon,187.jpg,data/Stimuli\Cartoon\187.jpg
Cartoon,189.jpg,data/Stimuli\Cartoon\189.jpg
Cartoon,191.jpg,data/Stimuli\Cartoon\191.jpg
Cartoon,193.jpg,data/Stimuli\Cartoon\193.jpg
Cartoon,195.jpg,data/Stimuli\Cartoon\195.jpg
Cartoon,197.jpg,data/Stimuli\Cartoon\197.jpg
Cartoon,199.jpg,data/Stimuli\Cartoon\199.jpg
Fractal,001.jpg,data/Stimuli\Fractal\001.jpg
Fractal,003.jpg,data/Stimuli\Fractal\003.jpg
Fractal,005.jpg,data/Stimuli\Fractal\005.jpg
Fractal,007.jpg,data/Stimuli\Fractal\007.jpg
Fractal,009.jpg,data/Stimuli\Fractal\009.jpg
Fractal,011.jpg,data/Stimuli\Fractal\011.jpg
Fractal,013.jpg,data/Stimuli\Fractal\013.jpg
Fractal,015.jpg,data/Stimuli\Fractal\015.jpg
Fractal,017.jpg,data/Stimuli\Fractal\017.jpg
Fractal,019.jpg,data/Stimuli\Fractal\019.jpg
Fractal,021.jpg,data/Stimuli\Fractal\021.jpg
Fractal,023.jpg,data/Stimuli\Fractal\023.jpg
Fractal,025.jpg,data/Stimuli\Fractal\025.jpg
Fractal,027.jpg,data/Stimuli\Fractal\027.jpg
Fractal,029.jpg,data/Stimuli\Fractal\029.jpg
Fractal,031.jpg,data/Stimuli\Fractal\031.jpg
Fractal,033.jpg,data/Stimuli\Fractal\033.jpg
Fractal,035.jpg,data/Stimuli\Fractal\035.jpg
Fractal,037.jpg,data/Stimuli\Fractal\037.jpg
Fractal,039.jpg,data/Stimuli\Fractal\039.jpg
Fractal,041.jpg,data/Stimuli\Fractal\041.jpg
Fractal,043.jpg,data/Stimuli\Fractal\043.jpg
Fractal,045.jpg,data/Stimuli\Fractal\045.jpg
Fractal,047.jpg,data/Stimuli\Fractal\047.jpg
Fractal,049.jpg,data/Stimuli\Fractal\049.jpg
Fractal,051.jpg,data/Stimuli\Fractal\051.jpg
Fractal,053.jpg,data/Stimuli\Fractal\053.jpg
Fractal,055.jpg,data/Stimuli\Fractal\055.jpg
Fractal,057.jpg,data/Stimuli\Fractal\057.jpg
Fractal,059.jpg,data/Stimuli\Fractal\059.jpg
Fractal,061.jpg,data/Stimuli\Fractal\061.jpg
Fractal,063.jpg,data/Stimuli\Fractal\063.jpg
Fractal,065.jpg,data/Stimuli\Fractal\065.jpg
Fractal,067.jpg,data/Stimuli\Fractal\067.jpg
Fractal,069.jpg,data/Stimuli\Fractal\069.jpg
Fractal,071.jpg,data/Stimuli\Fractal\071.jpg
Fractal,073.jpg,data/Stimuli\Fractal\073.jpg
Fractal,075.jpg,data/Stimuli\Fractal\075.jpg
Fractal,077.jpg,data/Stimuli\Fractal\077.jpg
Fractal,079.jpg,data/Stimuli\Fractal\079.jpg
Fractal,081.jpg,data/Stimuli\Fractal\081.jpg
Fractal,083.jpg,data/Stimuli\Fractal\083.jpg
Fractal,085.jpg,data/Stimuli\Fractal\085.jpg
Fractal,087.jpg,data/Stimuli\Fractal\087.jpg
Fractal,089.jpg,data/Stimuli\Fractal\089.jpg
Fractal,091.jpg,data/Stimuli\Fractal\091.jpg
Fractal,093.jpg,data/Stimuli\Fractal\093.jpg
Fractal,095.jpg,data/Stimuli\Fractal\095.jpg
Fractal,097.jpg,data/Stimuli\Fractal\097.jpg
Fractal,099.jpg,data/Stimuli\Fractal\099.jpg
Fractal,101.jpg,data/Stimuli\Fractal\101.jpg
Fractal,103.jpg,data/Stimuli\Fractal\103.jpg
Fractal,105.jpg,data/Stimuli\Fractal\105.jpg
Fractal,107.jpg,data/Stimuli\Fractal\107.jpg
Fractal,109.jpg,data/Stimuli\Fractal\109.jpg
Fractal,111.jpg,data/Stimuli\Fractal\111.jpg
Fractal,113.jpg,data/Stimuli\Fractal\113.jpg
Fractal,115.jpg,data/Stimuli\Fractal\115.jpg
Fractal,117.jpg,data/Stimuli\Fractal\117.jpg
Fractal,119.jpg,data/Stimuli\Fractal\119.jpg
Fractal,121.jpg,data/Stimuli\Fractal\121.jpg
Fractal,123.jpg,data/Stimuli\Fractal\123.jpg
Fractal,125.jpg,data/Stimuli\Fractal\125.jpg
Fractal,127.jpg,data/Stimuli\Fractal\127.jpg
Fractal,129.jpg,data/Stimuli\Fractal\129.jpg
Fractal,131.jpg,data/Stimuli\Fractal\131.jpg
Fractal,133.jpg,data/Stimuli\Fractal\133.jpg
Fractal,135.jpg,data/Stimuli\Fractal\135.jpg
Fractal,137.jpg,data/Stimuli\Fractal\137.jpg
Fractal,139.jpg,data/Stimuli\Fractal\139.jpg
Fractal,141.jpg,data/Stimuli\Fractal\141.jpg
Fractal,143.jpg,data/Stimuli\Fractal\143.jpg
Fractal,145.jpg,data/Stimuli\Fractal\145.jpg
Fractal,147.jpg,data/Stimuli\Fractal\147.jpg
Fractal,149.jpg,data/Stimuli\Fractal\149.jpg
Fractal,151.jpg,data/Stimuli\Fractal\151.jpg
Fractal,153.jpg,data/Stimuli\Fractal\153.jpg
Fractal,155.jpg,data/Stimuli\Fractal\155.jpg
Fractal,157.jpg,data/Stimuli\Fractal\157.jpg
Fractal,159.jpg,data/Stimuli\Fractal\159.jpg
Fractal,161.jpg,data/Stimuli\Fractal\161.jpg
Fractal,163.jpg,data/Stimuli\Fractal\163.jpg
Fractal,165.jpg,data/Stimuli\Fractal\165.jpg
Fractal,167.jpg,data/Stimuli\Fractal\167.jpg
Fractal,169.jpg,data/Stimuli\Fractal\169.jpg
Fractal,171.jpg,data/Stimuli\Fractal\171.jpg
Fractal,173.jpg,data/Stimuli\Fractal\173.jpg
Fractal,175.jpg,data/Stimuli\Fractal\175.jpg
Fractal,177.jpg,data/Stimuli\Fractal\177.jpg
Fractal,179.jpg,data/Stimuli\Fractal\179.jpg
Fractal,181.jpg,data/Stimuli\Fractal\181.jpg
Fractal,183.jpg,data/Stimuli\Fractal\183.jpg
Fractal,185.jpg,data/Stimuli\Fractal\185.jpg
Fractal,187.jpg,data/Stimuli\Fractal\187.jpg
Fractal,189.jpg,data/Stimuli\Fractal\189.jpg
Fractal,191.jpg,data/Stimuli\Fractal\191.jpg
Fractal,193.jpg,data/Stimuli\Fractal\193.jpg
Fractal,195.jpg,data/Stimuli\Fractal\195.jpg
Fractal,197.jpg,data/Stimuli\Fractal\197.jpg
Fractal,199.jpg,data/Stimuli\Fractal\199.jpg
Indoor,001.jpg,data/Stimuli\Indoor\001.jpg
Indoor,003.jpg,data/Stimuli\Indoor\003.jpg
Indoor,005.jpg,data/Stimuli\Indoor\005.jpg
Indoor,007.jpg,data/Stimuli\Indoor\007.jpg
Indoor,009.jpg,data/Stimuli\Indoor\009.jpg
Indoor,011.jpg,data/Stimuli\Indoor\011.jpg
Indoor,013.jpg,data/Stimuli\Indoor\013.jpg
Indoor,015.jpg,data/Stimuli\Indoor\015.jpg
Indoor,017.jpg,data/Stimuli\Indoor\017.jpg
Indoor,019.jpg,data/Stimuli\Indoor\019.jpg
Indoor,021.jpg,data/Stimuli\Indoor\021.jpg
Indoor,023.jpg,data/Stimuli\Indoor\023.jpg
Indoor,025.jpg,data/Stimuli\Indoor\025.jpg
Indoor,027.jpg,data/Stimuli\Indoor\027.jpg
Indoor,029.jpg,data/Stimuli\Indoor\029.jpg
Indoor,031.jpg,data/Stimuli\Indoor\031.jpg
Indoor,033.jpg,data/Stimuli\Indoor\033.jpg
Indoor,035.jpg,data/Stimuli\Indoor\035.jpg
Indoor,037.jpg,data/Stimuli\Indoor\037.jpg
Indoor,039.jpg,data/Stimuli\Indoor\039.jpg
Indoor,041.jpg,data/Stimuli\Indoor\041.jpg
Indoor,043.jpg,data/Stimuli\Indoor\043.jpg
Indoor,045.jpg,data/Stimuli\Indoor\045.jpg
Indoor,047.jpg,data/Stimuli\Indoor\047.jpg
Indoor,049.jpg,data/Stimuli\Indoor\049.jpg
Indoor,051.jpg,data/Stimuli\Indoor\051.jpg
Indoor,053.jpg,data/Stimuli\Indoor\053.jpg
Indoor,055.jpg,data/Stimuli\Indoor\055.jpg
Indoor,057.jpg,data/Stimuli\Indoor\057.jpg
Indoor,059.jpg,data/Stimuli\Indoor\059.jpg
Indoor,061.jpg,data/Stimuli\Indoor\061.jpg
Indoor,063.jpg,data/Stimuli\Indoor\063.jpg
Indoor,065.jpg,data/Stimuli\Indoor\065.jpg
Indoor,067.jpg,data/Stimuli\Indoor\067.jpg
Indoor,069.jpg,data/Stimuli\Indoor\069.jpg
Indoor,071.jpg,data/Stimuli\Indoor\071.jpg
Indoor,073.jpg,data/Stimuli\Indoor\073.jpg
Indoor,075.jpg,data/Stimuli\Indoor\075.jpg
Indoor,077.jpg,data/Stimuli\Indoor\077.jpg
Indoor,079.jpg,data/Stimuli\Indoor\079.jpg
Indoor,081.jpg,data/Stimuli\Indoor\081.jpg
Indoor,083.jpg,data/Stimuli\Indoor\083.jpg
Indoor,085.jpg,data/Stimuli\Indoor\085.jpg
Indoor,087.jpg,data/Stimuli\Indoor\087.jpg
Indoor,089.jpg,data/Stimuli\Indoor\089.jpg
Indoor,091.jpg,data/Stimuli\Indoor\091.jpg
Indoor,093.jpg,data/Stimuli\Indoor\093.jpg
Indoor,095.jpg,data/Stimuli\Indoor\095.jpg
Indoor,097.jpg,data/Stimuli\Indoor\097.jpg
Indoor,099.jpg,data/Stimuli\Indoor\099.jpg
Indoor,101.jpg,data/Stimuli\Indoor\101.jpg
Indoor,103.jpg,data/Stimuli\Indoor\103.jpg
Indoor,105.jpg,data/Stimuli\Indoor\105.jpg
Indoor,107.jpg,data/Stimuli\Indoor\107.jpg
Indoor,109.jpg,data/Stimuli\Indoor\109.jpg
Indoor,111.jpg,data/Stimuli\Indoor\111.jpg
Indoor,113.jpg,data/Stimuli\Indoor\113.jpg
Indoor,115.jpg,data/Stimuli\Indoor\115.jpg
Indoor,117.jpg,data/Stimuli\Indoor\117.jpg
Indoor,119.jpg,data/Stimuli\Indoor\119.jpg
Indoor,121.jpg,data/Stimuli\Indoor\121.jpg
Indoor,123.jpg,data/Stimuli\Indoor\123.jpg
Indoor,125.jpg,data/Stimuli\Indoor\125.jpg
Indoor,127.jpg,data/Stimuli\Indoor\127.jpg
Indoor,129.jpg,data/Stimuli\Indoor\129.jpg
Indoor,131.jpg,data/Stimuli\Indoor\131.jpg
Indoor,133.jpg,data/Stimuli\Indoor\133.jpg
Indoor,135.jpg,data/Stimuli\Indoor\135.jpg
Indoor,137.jpg,data/Stimuli\Indoor\137.jpg
Indoor,139.jpg,data/Stimuli\Indoor\139.jpg
Indoor,141.jpg,data/Stimuli\Indoor\141.jpg
Indoor,143.jpg,data/Stimuli\Indoor\143.jpg
Indoor,145.jpg,data/Stimuli\Indoor\145.jpg
Indoor,147.jpg,data/Stimuli\Indoor\147.jpg
Indoor,149.jpg,data/Stimuli\Indoor\149.jpg
Indoor,151.jpg,data/Stimuli\Indoor\151.jpg
Indoor,153.jpg,data/Stimuli\Indoor\153.jpg
Indoor,155.jpg,data/Stimuli\Indoor\155.jpg
Indoor,157.jpg,data/Stimuli\Indoor\157.jpg
Indoor,159.jpg,data/Stimuli\Indoor\159.jpg
Indoor,161.jpg,data/Stimuli\Indoor\161.jpg
Indoor,163.jpg,data/Stimuli\Indoor\163.jpg
Indoor,165.jpg,data/Stimuli\Indoor\165.jpg
Indoor,167.jpg,data/Stimuli\Indoor\167.jpg
Indoor,169.jpg,data/Stimuli\Indoor\169.jpg
Indoor,171.jpg,data/Stimuli\Indoor\171.jpg
Indoor,173.jpg,data/Stimuli\Indoor\173.jpg
Indoor,175.jpg,data/Stimuli\Indoor\175.jpg
Indoor,177.jpg,data/Stimuli\Indoor\177.jpg
Indoor,179.jpg,data/Stimuli\Indoor\179.jpg
Indoor,181.jpg,data/Stimuli\Indoor\181.jpg
Indoor,183.jpg,data/Stimuli\Indoor\183.jpg
Indoor,185.jpg,data/Stimuli\Indoor\185.jpg
Indoor,187.jpg,data/Stimuli\Indoor\187.jpg
Indoor,189.jpg,data/Stimuli\Indoor\189.jpg
Indoor,191.jpg,data/Stimuli\Indoor\191.jpg
Indoor,193.jpg,data/Stimuli\Indoor\193.jpg
Indoor,195.jpg,data/Stimuli\Indoor\195.jpg
Indoor,197.jpg,data/Stimuli\Indoor\197.jpg
Indoor,199.jpg,data/Stimuli\Indoor\199.jpg
Inverted,001.jpg,data/Stimuli\Inverted\001.jpg
Inverted,003.jpg,data/Stimuli\Inverted\003.jpg
Inverted,005.jpg,data/Stimuli\Inverted\005.jpg
Inverted,007.jpg,data/Stimuli\Inverted\007.jpg
Inverted,009.jpg,data/Stimuli\Inverted\009.jpg
Inverted,011.jpg,data/Stimuli\Inverted\011.jpg
Inverted,013.jpg,data/Stimuli\Inverted\013.jpg
Inverted,015.jpg,data/Stimuli\Inverted\015.jpg
Inverted,017.jpg,data/Stimuli\Inverted\017.jpg
Inverted,019.jpg,data/Stimuli\Inverted\019.jpg
Inverted,021.jpg,data/Stimuli\Inverted\021.jpg
Inverted,023.jpg,data/Stimuli\Inverted\023.jpg
Inverted,025.jpg,data/Stimuli\Inverted\025.jpg
Inverted,027.jpg,data/Stimuli\Inverted\027.jpg
Inverted,029.jpg,data/Stimuli\Inverted\029.jpg
Inverted,031.jpg,data/Stimuli\Inverted\031.jpg
Inverted,033.jpg,data/Stimuli\Inverted\033.jpg
Inverted,035.jpg,data/Stimuli\Inverted\035.jpg
Inverted,037.jpg,data/Stimuli\Inverted\037.jpg
Inverted,039.jpg,data/Stimuli\Inverted\039.jpg
Inverted,041.jpg,data/Stimuli\Inverted\041.jpg
Inverted,043.jpg,data/Stimuli\Inverted\043.jpg
Inverted,045.jpg,data/Stimuli\Inverted\045.jpg
Inverted,047.jpg,data/Stimuli\Inverted\047.jpg
Inverted,049.jpg,data/Stimuli\Inverted\049.jpg
Inverted,051.jpg,data/Stimuli\Inverted\051.jpg
Inverted,053.jpg,data/Stimuli\Inverted\053.jpg
Inverted,055.jpg,data/Stimuli\Inverted\055.jpg
Inverted,057.jpg,data/Stimuli\Inverted\057.jpg
Inverted,059.jpg,data/Stimuli\Inverted\059.jpg
Inverted,061.jpg,data/Stimuli\Inverted\061.jpg
Inverted,063.jpg,data/Stimuli\Inverted\063.jpg
Inverted,065.jpg,data/Stimuli\Inverted\065.jpg
Inverted,067.jpg,data/Stimuli\Inverted\067.jpg
Inverted,069.jpg,data/Stimuli\Inverted\069.jpg
Inverted,071.jpg,data/Stimuli\Inverted\071.jpg
Inverted,073.jpg,data/Stimuli\Inverted\073.jpg
Inverted,075.jpg,data/Stimuli\Inverted\075.jpg
Inverted,077.jpg,data/Stimuli\Inverted\077.jpg
Inverted,079.jpg,data/Stimuli\Inverted\079.jpg
Inverted,081.jpg,data/Stimuli\Inverted\081.jpg
Inverted,083.jpg,data/Stimuli\Inverted\083.jpg
Inverted,085.jpg,data/Stimuli\Inverted\085.jpg
Inverted,087.jpg,data/Stimuli\Inverted\087.jpg
Inverted,089.jpg,data/Stimuli\Inverted\089.jpg
Inverted,091.jpg,data/Stimuli\Inverted\091.jpg
Inverted,093.jpg,data/Stimuli\Inverted\093.jpg
Inverted,095.jpg,data/Stimuli\Inverted\095.jpg
Inverted,097.jpg,data/Stimuli\Inverted\097.jpg
Inverted,099.jpg,data/Stimuli\Inverted\099.jpg
Inverted,101.jpg,data/Stimuli\Inverted\101.jpg
Inverted,103.jpg,data/Stimuli\Inverted\103.jpg
Inverted,105.jpg,data/Stimuli\Inverted\105.jpg
Inverted,107.jpg,data/Stimuli\Inverted\107.jpg
Inverted,109.jpg,data/Stimuli\Inverted\109.jpg
Inverted,111.jpg,data/Stimuli\Inverted\111.jpg
Inverted,113.jpg,data/Stimuli\Inverted\113.jpg
Inverted,115.jpg,data/Stimuli\Inverted\115.jpg
Inverted,117.jpg,data/Stimuli\Inverted\117.jpg
Inverted,119.jpg,data/Stimuli\Inverted\119.jpg
Inverted,121.jpg,data/Stimuli\Inverted\121.jpg
Inverted,123.jpg,data/Stimuli\Inverted\123.jpg
Inverted,125.jpg,data/Stimuli\Inverted\125.jpg
Inverted,127.jpg,data/Stimuli\Inverted\127.jpg
Inverted,129.jpg,data/Stimuli\Inverted\129.jpg
Inverted,131.jpg,data/Stimuli\Inverted\131.jpg
Inverted,133.jpg,data/Stimuli\Inverted\133.jpg
Inverted,135.jpg,data/Stimuli\Inverted\135.jpg
Inverted,137.jpg,data/Stimuli\Inverted\137.jpg
Inverted,139.jpg,data/Stimuli\Inverted\139.jpg
Inverted,141.jpg,data/Stimuli\Inverted\141.jpg
Inverted,143.jpg,data/Stimuli\Inverted\143.jpg
Inverted,145.jpg,data/Stimuli\Inverted\145.jpg
Inverted,147.jpg,data/Stimuli\Inverted\147.jpg
Inverted,149.jpg,data/Stimuli\Inverted\149.jpg
Inverted,151.jpg,data/Stimuli\Inverted\151.jpg
Inverted,153.jpg,data/Stimuli\Inverted\153.jpg
Inverted,155.jpg,data/Stimuli\Inverted\155.jpg
Inverted,157.jpg,data/Stimuli\Inverted\157.jpg
Inverted,159.jpg,data/Stimuli\Inverted\159.jpg
Inverted,161.jpg,data/Stimuli\Inverted\161.jpg
Inverted,163.jpg,data/Stimuli\Inverted\163.jpg
Inverted,165.jpg,data/Stimuli\Inverted\165.jpg
Inverted,167.jpg,data/Stimuli\Inverted\167.jpg
Inverted,169.jpg,data/Stimuli\Inverted\169.jpg
Inverted,171.jpg,data/Stimuli\Inverted\171.jpg
Inverted,173.jpg,data/Stimuli\Inverted\173.jpg
Inverted,175.jpg,data/Stimuli\Inverted\175.jpg
Inverted,177.jpg,data/Stimuli\Inverted\177.jpg
Inverted,179.jpg,data/Stimuli\Inverted\179.jpg
Inverted,181.jpg,data/Stimuli\Inverted\181.jpg
Inverted,183.jpg,data/Stimuli\Inverted\183.jpg
Inverted,185.jpg,data/Stimuli\Inverted\185.jpg
Inverted,187.jpg,data/Stimuli\Inverted\187.jpg
Inverted,189.jpg,data/Stimuli\Inverted\189.jpg
Inverted,191.jpg,data/Stimuli\Inverted\191.jpg
Inverted,193.jpg,data/Stimuli\Inverted\193.jpg
Inverted,195.jpg,data/Stimuli\Inverted\195.jpg
Inverted,197.jpg,data/Stimuli\Inverted\197.jpg
Inverted,199.jpg,data/Stimuli\Inverted\199.jpg
Jumbled,001.jpg,data/Stimuli\Jumbled\001.jpg
Jumbled,003.jpg,data/Stimuli\Jumbled\003.jpg
Jumbled,005.jpg,data/Stimuli\Jumbled\005.jpg
Jumbled,007.jpg,data/Stimuli\Jumbled\007.jpg
Jumbled,009.jpg,data/Stimuli\Jumbled\009.jpg
Jumbled,011.jpg,data/Stimuli\Jumbled\011.jpg
Jumbled,013.jpg,data/Stimuli\Jumbled\013.jpg
Jumbled,015.jpg,data/Stimuli\Jumbled\015.jpg
Jumbled,017.jpg,data/Stimuli\Jumbled\017.jpg
Jumbled,019.jpg,data/Stimuli\Jumbled\019.jpg
Jumbled,021.jpg,data/Stimuli\Jumbled\021.jpg
Jumbled,023.jpg,data/Stimuli\Jumbled\023.jpg
Jumbled,025.jpg,data/Stimuli\Jumbled\025.jpg
Jumbled,027.jpg,data/Stimuli\Jumbled\027.jpg
Jumbled,029.jpg,data/Stimuli\Jumbled\029.jpg
Jumbled,031.jpg,data/Stimuli\Jumbled\031.jpg
Jumbled,033.jpg,data/Stimuli\Jumbled\033.jpg
Jumbled,035.jpg,data/Stimuli\Jumbled\035.jpg
Jumbled,037.jpg,data/Stimuli\Jumbled\037.jpg
Jumbled,039.jpg,data/Stimuli\Jumbled\039.jpg
Jumbled,041.jpg,data/Stimuli\Jumbled\041.jpg
Jumbled,043.jpg,data/Stimuli\Jumbled\043.jpg
Jumbled,045.jpg,data/Stimuli\Jumbled\045.jpg
Jumbled,047.jpg,data/Stimuli\Jumbled\047.jpg
Jumbled,049.jpg,data/Stimuli\Jumbled\049.jpg
Jumbled,051.jpg,data/Stimuli\Jumbled\051.jpg
Jumbled,053.jpg,data/Stimuli\Jumbled\053.jpg
Jumbled,055.jpg,data/Stimuli\Jumbled\055.jpg
Jumbled,057.jpg,data/Stimuli\Jumbled\057.jpg
Jumbled,059.jpg,data/Stimuli\Jumbled\059.jpg
Jumbled,061.jpg,data/Stimuli\Jumbled\061.jpg
Jumbled,063.jpg,data/Stimuli\Jumbled\063.jpg
Jumbled,065.jpg,data/Stimuli\Jumbled\065.jpg
Jumbled,067.jpg,data/Stimuli\Jumbled\067.jpg
Jumbled,069.jpg,data/Stimuli\Jumbled\069.jpg
Jumbled,071.jpg,data/Stimuli\Jumbled\071.jpg
Jumbled,073.jpg,data/Stimuli\Jumbled\073.jpg
Jumbled,075.jpg,data/Stimuli\Jumbled\075.jpg
Jumbled,077.jpg,data/Stimuli\Jumbled\077.jpg
Jumbled,079.jpg,data/Stimuli\Jumbled\079.jpg
Jumbled,081.jpg,data/Stimuli\Jumbled\081.jpg
Jumbled,083.jpg,data/Stimuli\Jumbled\083.jpg
Jumbled,085.jpg,data/Stimuli\Jumbled\085.jpg
Jumbled,087.jpg,data/Stimuli\Jumbled\087.jpg
Jumbled,089.jpg,data/Stimuli\Jumbled\089.jpg
Jumbled,091.jpg,data/Stimuli\Jumbled\091.jpg
Jumbled,093.jpg,data/Stimuli\Jumbled\093.jpg
Jumbled,095.jpg,data/Stimuli\Jumbled\095.jpg
Jumbled,097.jpg,data/Stimuli\Jumbled\097.jpg
Jumbled,099.jpg,data/Stimuli\Jumbled\099.jpg
Jumbled,101.jpg,data/Stimuli\Jumbled\101.jpg
Jumbled,103.jpg,data/Stimuli\Jumbled\103.jpg
Jumbled,105.jpg,data/Stimuli\Jumbled\105.jpg
Jumbled,107.jpg,data/Stimuli\Jumbled\107.jpg
Jumbled,109.jpg,data/Stimuli\Jumbled\109.jpg
Jumbled,111.jpg,data/Stimuli\Jumbled\111.jpg
Jumbled,113.jpg,data/Stimuli\Jumbled\113.jpg
Jumbled,115.jpg,data/Stimuli\Jumbled\115.jpg
Jumbled,117.jpg,data/Stimuli\Jumbled\117.jpg
Jumbled,119.jpg,data/Stimuli\Jumbled\119.jpg
Jumbled,121.jpg,data/Stimuli\Jumbled\121.jpg
Jumbled,123.jpg,data/Stimuli\Jumbled\123.jpg
Jumbled,125.jpg,data/Stimuli\Jumbled\125.jpg
Jumbled,127.jpg,data/Stimuli\Jumbled\127.jpg
Jumbled,129.jpg,data/Stimuli\Jumbled\129.jpg
Jumbled,131.jpg,data/Stimuli\Jumbled\131.jpg
Jumbled,133.jpg,data/Stimuli\Jumbled\133.jpg
Jumbled,135.jpg,data/Stimuli\Jumbled\135.jpg
Jumbled,137.jpg,data/Stimuli\Jumbled\137.jpg
Jumbled,139.jpg,data/Stimuli\Jumbled\139.jpg
Jumbled,141.jpg,data/Stimuli\Jumbled\141.jpg
Jumbled,143.jpg,data/Stimuli\Jumbled\143.jpg
Jumbled,145.jpg,data/Stimuli\Jumbled\145.jpg
Jumbled,147.jpg,data/Stimuli\Jumbled\147.jpg
Jumbled,149.jpg,data/Stimuli\Jumbled\149.jpg
Jumbled,151.jpg,data/Stimuli\Jumbled\151.jpg
Jumbled,153.jpg,data/Stimuli\Jumbled\153.jpg
Jumbled,155.jpg,data/Stimuli\Jumbled\155.jpg
Jumbled,157.jpg,data/Stimuli\Jumbled\157.jpg
Jumbled,159.jpg,data/Stimuli\Jumbled\159.jpg
Jumbled,161.jpg,data/Stimuli\Jumbled\161.jpg
Jumbled,163.jpg,data/Stimuli\Jumbled\163.jpg
Jumbled,165.jpg,data/Stimuli\Jumbled\165.jpg
Jumbled,167.jpg,data/Stimuli\Jumbled\167.jpg
Jumbled,169.jpg,data/Stimuli\Jumbled\169.jpg
Jumbled,171.jpg,data/Stimuli\Jumbled\171.jpg
Jumbled,173.jpg,data/Stimuli\Jumbled\173.jpg
Jumbled,175.jpg,data/Stimuli\Jumbled\175.jpg
Jumbled,177.jpg,data/Stimuli\Jumbled\177.jpg
Jumbled,179.jpg,data/Stimuli\Jumbled\179.jpg
Jumbled,181.jpg,data/Stimuli\Jumbled\181.jpg
Jumbled,183.jpg,data/Stimuli\Jumbled\183.jpg
Jumbled,185.jpg,data/Stimuli\Jumbled\185.jpg
Jumbled,187.jpg,data/Stimuli\Jumbled\187.jpg
Jumbled,189.jpg,data/Stimuli\Jumbled\189.jpg
Jumbled,191.jpg,data/Stimuli\Jumbled\191.jpg
Jumbled,193.jpg,data/Stimuli\Jumbled\193.jpg
Jumbled,195.jpg,data/Stimuli\Jumbled\195.jpg
Jumbled,197.jpg,data/Stimuli\Jumbled\197.jpg
Jumbled,199.jpg,data/Stimuli\Jumbled\199.jpg
LineDrawing,001.jpg,data/Stimuli\LineDrawing\001.jpg
LineDrawing,003.jpg,data/Stimuli\LineDrawing\003.jpg
LineDrawing,005.jpg,data/Stimuli\LineDrawing\005.jpg
LineDrawing,007.jpg,data/Stimuli\LineDrawing\007.jpg
LineDrawing,009.jpg,data/Stimuli\LineDrawing\009.jpg
LineDrawing,011.jpg,data/Stimuli\LineDrawing\011.jpg
LineDrawing,013.jpg,data/Stimuli\LineDrawing\013.jpg
LineDrawing,015.jpg,data/Stimuli\LineDrawing\015.jpg
LineDrawing,017.jpg,data/Stimuli\LineDrawing\017.jpg
LineDrawing,019.jpg,data/Stimuli\LineDrawing\019.jpg
LineDrawing,021.jpg,data/Stimuli\LineDrawing\021.jpg
LineDrawing,023.jpg,data/Stimuli\LineDrawing\023.jpg
LineDrawing,025.jpg,data/Stimuli\LineDrawing\025.jpg
LineDrawing,027.jpg,data/Stimuli\LineDrawing\027.jpg
LineDrawing,029.jpg,data/Stimuli\LineDrawing\029.jpg
LineDrawing,031.jpg,data/Stimuli\LineDrawing\031.jpg
LineDrawing,033.jpg,data/Stimuli\LineDrawing\033.jpg
LineDrawing,035.jpg,data/Stimuli\LineDrawing\035.jpg
LineDrawing,037.jpg,data/Stimuli\LineDrawing\037.jpg
LineDrawing,039.jpg,data/Stimuli\LineDrawing\039.jpg
LineDrawing,041.jpg,data/Stimuli\LineDrawing\041.jpg
LineDrawing,043.jpg,data/Stimuli\LineDrawing\043.jpg
LineDrawing,045.jpg,data/Stimuli\LineDrawing\045.jpg
LineDrawing,047.jpg,data/Stimuli\LineDrawing\047.jpg
LineDrawing,049.jpg,data/Stimuli\LineDrawing\049.jpg
LineDrawing,051.jpg,data/Stimuli\LineDrawing\051.jpg
LineDrawing,053.jpg,data/Stimuli\LineDrawing\053.jpg
LineDrawing,055.jpg,data/Stimuli\LineDrawing\055.jpg
LineDrawing,057.jpg,data/Stimuli\LineDrawing\057.jpg
LineDrawing,059.jpg,data/Stimuli\LineDrawing\059.jpg
LineDrawing,061.jpg,data/Stimuli\LineDrawing\061.jpg
LineDrawing,063.jpg,data/Stimuli\LineDrawing\063.jpg
LineDrawing,065.jpg,data/Stimuli\LineDrawing\065.jpg
LineDrawing,067.jpg,data/Stimuli\LineDrawing\067.jpg
LineDrawing,069.jpg,data/Stimuli\LineDrawing\069.jpg
LineDrawing,071.jpg,data/Stimuli\LineDrawing\071.jpg
LineDrawing,073.jpg,data/Stimuli\LineDrawing\073.jpg
LineDrawing,075.jpg,data/Stimuli\LineDrawing\075.jpg
LineDrawing,077.jpg,data/Stimuli\LineDrawing\077.jpg
LineDrawing,079.jpg,data/Stimuli\LineDrawing\079.jpg
LineDrawing,081.jpg,data/Stimuli\LineDrawing\081.jpg
LineDrawing,083.jpg,data/Stimuli\LineDrawing\083.jpg
LineDrawing,085.jpg,data/Stimuli\LineDrawing\085.jpg
LineDrawing,087.jpg,data/Stimuli\LineDrawing\087.jpg
LineDrawing,089.jpg,data/Stimuli\LineDrawing\089.jpg
LineDrawing,091.jpg,data/Stimuli\LineDrawing\091.jpg
LineDrawing,093.jpg,data/Stimuli\LineDrawing\093.jpg
LineDrawing,095.jpg,data/Stimuli\LineDrawing\095.jpg
LineDrawing,097.jpg,data/Stimuli\LineDrawing\097.jpg
LineDrawing,099.jpg,data/Stimuli\LineDrawing\099.jpg
LineDrawing,101.jpg,data/Stimuli\LineDrawing\101.jpg
LineDrawing,103.jpg,data/Stimuli\LineDrawing\103.jpg
LineDrawing,105.jpg,data/Stimuli\LineDrawing\105.jpg
LineDrawing,107.jpg,data/Stimuli\LineDrawing\107.jpg
LineDrawing,109.jpg,data/Stimuli\LineDrawing\109.jpg
LineDrawing,111.jpg,data/Stimuli\LineDrawing\111.jpg
LineDrawing,113.jpg,data/Stimuli\LineDrawing\113.jpg
LineDrawing,115.jpg,data/Stimuli\LineDrawing\115.jpg
LineDrawing,117.jpg,data/Stimuli\LineDrawing\117.jpg
LineDrawing,119.jpg,data/Stimuli\LineDrawing\119.jpg
LineDrawing,121.jpg,data/Stimuli\LineDrawing\121.jpg
LineDrawing,123.jpg,data/Stimuli\LineDrawing\123.jpg
LineDrawing,125.jpg,data/Stimuli\LineDrawing\125.jpg
LineDrawing,127.jpg,data/Stimuli\LineDrawing\127.jpg
LineDrawing,129.jpg,data/Stimuli\LineDrawing\129.jpg
LineDrawing,131.jpg,data/Stimuli\LineDrawing\131.jpg
LineDrawing,133.jpg,data/Stimuli\LineDrawing\133.jpg
LineDrawing,135.jpg,data/Stimuli\LineDrawing\135.jpg
LineDrawing,137.jpg,data/Stimuli\LineDrawing\137.jpg
LineDrawing,139.jpg,data/Stimuli\LineDrawing\139.jpg
LineDrawing,141.jpg,data/Stimuli\LineDrawing\141.jpg
LineDrawing,143.jpg,data/Stimuli\LineDrawing\143.jpg
LineDrawing,145.jpg,data/Stimuli\LineDrawing\145.jpg
LineDrawing,147.jpg,data/Stimuli\LineDrawing\147.jpg
LineDrawing,149.jpg,data/Stimuli\LineDrawing\149.jpg
LineDrawing,151.jpg,data/Stimuli\LineDrawing\151.jpg
LineDrawing,153.jpg,data/Stimuli\LineDrawing\153.jpg
LineDrawing,155.jpg,data/Stimuli\LineDrawing\155.jpg
LineDrawing,157.jpg,data/Stimuli\LineDrawing\157.jpg
LineDrawing,159.jpg,data/Stimuli\LineDrawing\159.jpg
LineDrawing,161.jpg,data/Stimuli\LineDrawing\161.jpg
LineDrawing,163.jpg,data/Stimuli\LineDrawing\163.jpg
LineDrawing,165.jpg,data/Stimuli\LineDrawing\165.jpg
LineDrawing,167.jpg,data/Stimuli\LineDrawing\167.jpg
LineDrawing,169.jpg,data/Stimuli\LineDrawing\169.jpg
LineDrawing,171.jpg,data/Stimuli\LineDrawing\171.jpg
LineDrawing,173.jpg,data/Stimuli\LineDrawing\173.jpg
LineDrawing,175.jpg,data/Stimuli\LineDrawing\175.jpg
LineDrawing,177.jpg,data/Stimuli\LineDrawing\177.jpg
LineDrawing,179.jpg,data/Stimuli\LineDrawing\179.jpg
LineDrawing,181.jpg,data/Stimuli\LineDrawing\181.jpg
LineDrawing,183.jpg,data/Stimuli\LineDrawing\183.jpg
LineDrawing,185.jpg,data/Stimuli\LineDrawing\185.jpg
LineDrawing,187.jpg,data/Stimuli\LineDrawing\187.jpg
LineDrawing,189.jpg,data/Stimuli\LineDrawing\189.jpg
LineDrawing,191.jpg,data/Stimuli\LineDrawing\191.jpg
LineDrawing,193.jpg,data/Stimuli\LineDrawing\193.jpg
LineDrawing,195.jpg,data/Stimuli\LineDrawing\195.jpg
LineDrawing,197.jpg,data/Stimuli\LineDrawing\197.jpg
LineDrawing,199.jpg,data/Stimuli\LineDrawing\199.jpg
LowResolution,001.jpg,data/Stimuli\LowResolution\001.jpg
LowResolution,003.jpg,data/Stimuli\LowResolution\003.jpg
LowResolution,005.jpg,data/Stimuli\LowResolution\005.jpg
LowResolution,007.jpg,data/Stimuli\LowResolution\007.jpg
LowResolution,009.jpg,data/Stimuli\LowResolution\009.jpg
LowResolution,011.jpg,data/Stimuli\LowResolution\011.jpg
LowResolution,013.jpg,data/Stimuli\LowResolution\013.jpg
LowResolution,015.jpg,data/Stimuli\LowResolution\015.jpg
LowResolution,017.jpg,data/Stimuli\LowResolution\017.jpg
LowResolution,019.jpg,data/Stimuli\LowResolution\019.jpg
LowResolution,021.jpg,data/Stimuli\LowResolution\021.jpg
LowResolution,023.jpg,data/Stimuli\LowResolution\023.jpg
LowResolution,025.jpg,data/Stimuli\LowResolution\025.jpg
LowResolution,027.jpg,data/Stimuli\LowResolution\027.jpg
LowResolution,029.jpg,data/Stimuli\LowResolution\029.jpg
LowResolution,031.jpg,data/Stimuli\LowResolution\031.jpg
LowResolution,033.jpg,data/Stimuli\LowResolution\033.jpg
LowResolution,035.jpg,data/Stimuli\LowResolution\035.jpg
LowResolution,037.jpg,data/Stimuli\LowResolution\037.jpg
LowResolution,039.jpg,data/Stimuli\LowResolution\039.jpg
LowResolution,041.jpg,data/Stimuli\LowResolution\041.jpg
LowResolution,043.jpg,data/Stimuli\LowResolution\043.jpg
LowResolution,045.jpg,data/Stimuli\LowResolution\045.jpg
LowResolution,047.jpg,data/Stimuli\LowResolution\047.jpg
LowResolution,049.jpg,data/Stimuli\LowResolution\049.jpg
LowResolution,051.jpg,data/Stimuli\LowResolution\051.jpg
LowResolution,053.jpg,data/Stimuli\LowResolution\053.jpg
LowResolution,055.jpg,data/Stimuli\LowResolution\055.jpg
LowResolution,057.jpg,data/Stimuli\LowResolution\057.jpg
LowResolution,059.jpg,data/Stimuli\LowResolution\059.jpg
LowResolution,061.jpg,data/Stimuli\LowResolution\061.jpg
LowResolution,063.jpg,data/Stimuli\LowResolution\063.jpg
LowResolution,065.jpg,data/Stimuli\LowResolution\065.jpg
LowResolution,067.jpg,data/Stimuli\LowResolution\067.jpg
LowResolution,069.jpg,data/Stimuli\LowResolution\069.jpg
LowResolution,071.jpg,data/Stimuli\LowResolution\071.jpg
LowResolution,073.jpg,data/Stimuli\LowResolution\073.jpg
LowResolution,075.jpg,data/Stimuli\LowResolution\075.jpg
LowResolution,077.jpg,data/Stimuli\LowResolution\077.jpg
LowResolution,079.jpg,data/Stimuli\LowResolution\079.jpg
LowResolution,081.jpg,data/Stimuli\LowResolution\081.jpg
LowResolution,083.jpg,data/Stimuli\LowResolution\083.jpg
LowResolution,085.jpg,data/Stimuli\LowResolution\085.jpg
LowResolution,087.jpg,data/Stimuli\LowResolution\087.jpg
LowResolution,089.jpg,data/Stimuli\LowResolution\089.jpg
LowResolution,091.jpg,data/Stimuli\LowResolution\091.jpg
LowResolution,093.jpg,data/Stimuli\LowResolution\093.jpg
LowResolution,095.jpg,data/Stimuli\LowResolution\095.jpg
LowResolution,097.jpg,data/Stimuli\LowResolution\097.jpg
LowResolution,099.jpg,data/Stimuli\LowResolution\099.jpg
LowResolution,101.jpg,data/Stimuli\LowResolution\101.jpg
LowResolution,103.jpg,data/Stimuli\LowResolution\103.jpg
LowResolution,105.jpg,data/Stimuli\LowResolution\105.jpg
LowResolution,107.jpg,data/Stimuli\LowResolution\107.jpg
LowResolution,109.jpg,data/Stimuli\LowResolution\109.jpg
LowResolution,111.jpg,data/Stimuli\LowResolution\111.jpg
LowResolution,113.jpg,data/Stimuli\LowResolution\113.jpg
LowResolution,115.jpg,data/Stimuli\LowResolution\115.jpg
LowResolution,117.jpg,data/Stimuli\LowResolution\117.jpg
LowResolution,119.jpg,data/Stimuli\LowResolution\119.jpg
LowResolution,121.jpg,data/Stimuli\LowResolution\121.jpg
LowResolution,123.jpg,data/Stimuli\LowResolution\123.jpg
LowResolution,125.jpg,data/Stimuli\LowResolution\125.jpg
LowResolution,127.jpg,data/Stimuli\LowResolution\127.jpg
LowResolution,129.jpg,data/Stimuli\LowResolution\129.jpg
LowResolution,131.jpg,data/Stimuli\LowResolution\131.jpg
LowResolution,133.jpg,data/Stimuli\LowResolution\133.jpg
LowResolution,135.jpg,data/Stimuli\LowResolution\135.jpg
LowResolution,137.jpg,data/Stimuli\LowResolution\137.jpg
LowResolution,139.jpg,data/Stimuli\LowResolution\139.jpg
LowResolution,141.jpg,data/Stimuli\LowResolution\141.jpg
LowResolution,143.jpg,data/Stimuli\LowResolution\143.jpg
LowResolution,145.jpg,data/Stimuli\LowResolution\145.jpg
LowResolution,147.jpg,data/Stimuli\LowResolution\147.jpg
LowResolution,149.jpg,data/Stimuli\LowResolution\149.jpg
LowResolution,151.jpg,data/Stimuli\LowResolution\151.jpg
LowResolution,153.jpg,data/Stimuli\LowResolution\153.jpg
LowResolution,155.jpg,data/Stimuli\LowResolution\155.jpg
LowResolution,157.jpg,data/Stimuli\LowResolution\157.jpg
LowResolution,159.jpg,data/Stimuli\LowResolution\159.jpg
LowResolution,161.jpg,data/Stimuli\LowResolution\161.jpg
LowResolution,163.jpg,data/Stimuli\LowResolution\163.jpg
LowResolution,165.jpg,data/Stimuli\LowResolution\165.jpg
LowResolution,167.jpg,data/Stimuli\LowResolution\167.jpg
LowResolution,169.jpg,data/Stimuli\LowResolution\169.jpg
LowResolution,171.jpg,data/Stimuli\LowResolution\171.jpg
LowResolution,173.jpg,data/Stimuli\LowResolution\173.jpg
LowResolution,175.jpg,data/Stimuli\LowResolution\175.jpg
LowResolution,177.jpg,data/Stimuli\LowResolution\177.jpg
LowResolution,179.jpg,data/Stimuli\LowResolution\179.jpg
LowResolution,181.jpg,data/Stimuli\LowResolution\181.jpg
LowResolution,183.jpg,data/Stimuli\LowResolution\183.jpg
LowResolution,185.jpg,data/Stimuli\LowResolution\185.jpg
LowResolution,187.jpg,data/Stimuli\LowResolution\187.jpg
LowResolution,189.jpg,data/Stimuli\LowResolution\189.jpg
LowResolution,191.jpg,data/Stimuli\LowResolution\191.jpg
LowResolution,193.jpg,data/Stimuli\LowResolution\193.jpg
LowResolution,195.jpg,data/Stimuli\LowResolution\195.jpg
LowResolution,197.jpg,data/Stimuli\LowResolution\197.jpg
LowResolution,199.jpg,data/Stimuli\LowResolution\199.jpg
Noisy,001.jpg,data/Stimuli\Noisy\001.jpg
Noisy,003.jpg,data/Stimuli\Noisy\003.jpg
Noisy,005.jpg,data/Stimuli\Noisy\005.jpg
Noisy,007.jpg,data/Stimuli\Noisy\007.jpg
Noisy,009.jpg,data/Stimuli\Noisy\009.jpg
Noisy,011.jpg,data/Stimuli\Noisy\011.jpg
Noisy,013.jpg,data/Stimuli\Noisy\013.jpg
Noisy,015.jpg,data/Stimuli\Noisy\015.jpg
Noisy,017.jpg,data/Stimuli\Noisy\017.jpg
Noisy,019.jpg,data/Stimuli\Noisy\019.jpg
Noisy,021.jpg,data/Stimuli\Noisy\021.jpg
Noisy,023.jpg,data/Stimuli\Noisy\023.jpg
Noisy,025.jpg,data/Stimuli\Noisy\025.jpg
Noisy,027.jpg,data/Stimuli\Noisy\027.jpg
Noisy,029.jpg,data/Stimuli\Noisy\029.jpg
Noisy,031.jpg,data/Stimuli\Noisy\031.jpg
Noisy,033.jpg,data/Stimuli\Noisy\033.jpg
Noisy,035.jpg,data/Stimuli\Noisy\035.jpg
Noisy,037.jpg,data/Stimuli\Noisy\037.jpg
Noisy,039.jpg,data/Stimuli\Noisy\039.jpg
Noisy,041.jpg,data/Stimuli\Noisy\041.jpg
Noisy,043.jpg,data/Stimuli\Noisy\043.jpg
Noisy,045.jpg,data/Stimuli\Noisy\045.jpg
Noisy,047.jpg,data/Stimuli\Noisy\047.jpg
Noisy,049.jpg,data/Stimuli\Noisy\049.jpg
Noisy,051.jpg,data/Stimuli\Noisy\051.jpg
Noisy,053.jpg,data/Stimuli\Noisy\053.jpg
Noisy,055.jpg,data/Stimuli\Noisy\055.jpg
Noisy,057.jpg,data/Stimuli\Noisy\057.jpg
Noisy,059.jpg,data/Stimuli\Noisy\059.jpg
Noisy,061.jpg,data/Stimuli\Noisy\061.jpg
Noisy,063.jpg,data/Stimuli\Noisy\063.jpg
Noisy,065.jpg,data/Stimuli\Noisy\065.jpg
Noisy,067.jpg,data/Stimuli\Noisy\067.jpg
Noisy,069.jpg,data/Stimuli\Noisy\069.jpg
Noisy,071.jpg,data/Stimuli\Noisy\071.jpg
Noisy,073.jpg,data/Stimuli\Noisy\073.jpg
Noisy,075.jpg,data/Stimuli\Noisy\075.jpg
Noisy,077.jpg,data/Stimuli\Noisy\077.jpg
Noisy,079.jpg,data/Stimuli\Noisy\079.jpg
Noisy,081.jpg,data/Stimuli\Noisy\081.jpg
Noisy,083.jpg,data/Stimuli\Noisy\083.jpg
Noisy,085.jpg,data/Stimuli\Noisy\085.jpg
Noisy,087.jpg,data/Stimuli\Noisy\087.jpg
Noisy,089.jpg,data/Stimuli\Noisy\089.jpg
Noisy,091.jpg,data/Stimuli\Noisy\091.jpg
Noisy,093.jpg,data/Stimuli\Noisy\093.jpg
Noisy,095.jpg,data/Stimuli\Noisy\095.jpg
Noisy,097.jpg,data/Stimuli\Noisy\097.jpg
Noisy,099.jpg,data/Stimuli\Noisy\099.jpg
Noisy,101.jpg,data/Stimuli\Noisy\101.jpg
Noisy,103.jpg,data/Stimuli\Noisy\103.jpg
Noisy,105.jpg,data/Stimuli\Noisy\105.jpg
Noisy,107.jpg,data/Stimuli\Noisy\107.jpg
Noisy,109.jpg,data/Stimuli\Noisy\109.jpg
Noisy,111.jpg,data/Stimuli\Noisy\111.jpg
Noisy,113.jpg,data/Stimuli\Noisy\113.jpg
Noisy,115.jpg,data/Stimuli\Noisy\115.jpg
Noisy,117.jpg,data/Stimuli\Noisy\117.jpg
Noisy,119.jpg,data/Stimuli\Noisy\119.jpg
Noisy,121.jpg,data/Stimuli\Noisy\121.jpg
Noisy,123.jpg,data/Stimuli\Noisy\123.jpg
Noisy,125.jpg,data/Stimuli\Noisy\125.jpg
Noisy,127.jpg,data/Stimuli\Noisy\127.jpg
Noisy,129.jpg,data/Stimuli\Noisy\129.jpg
Noisy,131.jpg,data/Stimuli\Noisy\131.jpg
Noisy,133.jpg,data/Stimuli\Noisy\133.jpg
Noisy,135.jpg,data/Stimuli\Noisy\135.jpg
Noisy,137.jpg,data/Stimuli\Noisy\137.jpg
Noisy,139.jpg,data/Stimuli\Noisy\139.jpg
Noisy,141.jpg,data/Stimuli\Noisy\141.jpg
Noisy,143.jpg,data/Stimuli\Noisy\143.jpg
Noisy,145.jpg,data/Stimuli\Noisy\145.jpg
Noisy,147.jpg,data/Stimuli\Noisy\147.jpg
Noisy,149.jpg,data/Stimuli\Noisy\149.jpg
Noisy,151.jpg,data/Stimuli\Noisy\151.jpg
Noisy,153.jpg,data/Stimuli\Noisy\153.jpg
Noisy,155.jpg,data/Stimuli\Noisy\155.jpg
Noisy,157.jpg,data/Stimuli\Noisy\157.jpg
Noisy,159.jpg,data/Stimuli\Noisy\159.jpg
Noisy,161.jpg,data/Stimuli\Noisy\161.jpg
Noisy,163.jpg,data/Stimuli\Noisy\163.jpg
Noisy,165.jpg,data/Stimuli\Noisy\165.jpg
Noisy,167.jpg,data/Stimuli\Noisy\167.jpg
Noisy,169.jpg,data/Stimuli\Noisy\169.jpg
Noisy,171.jpg,data/Stimuli\Noisy\171.jpg
Noisy,173.jpg,data/Stimuli\Noisy\173.jpg
Noisy,175.jpg,data/Stimuli\Noisy\175.jpg
Noisy,177.jpg,data/Stimuli\Noisy\177.jpg
Noisy,179.jpg,data/Stimuli\Noisy\179.jpg
Noisy,181.jpg,data/Stimuli\Noisy\181.jpg
Noisy,183.jpg,data/Stimuli\Noisy\183.jpg
Noisy,185.jpg,data/Stimuli\Noisy\185.jpg
Noisy,187.jpg,data/Stimuli\Noisy\187.jpg
Noisy,189.jpg,data/Stimuli\Noisy\189.jpg
Noisy,191.jpg,data/Stimuli\Noisy\191.jpg
Noisy,193.jpg,data/Stimuli\Noisy\193.jpg
Noisy,195.jpg,data/Stimuli\Noisy\195.jpg
Noisy,197.jpg,data/Stimuli\Noisy\197.jpg
Noisy,199.jpg,data/Stimuli\Noisy\199.jpg
Object,001.jpg,data/Stimuli\Object\001.jpg
Object,003.jpg,data/Stimuli\Object\003.jpg
Object,005.jpg,data/Stimuli\Object\005.jpg
Object,007.jpg,data/Stimuli\Object\007.jpg
Object,009.jpg,data/Stimuli\Object\009.jpg
Object,011.jpg,data/Stimuli\Object\011.jpg
Object,013.jpg,data/Stimuli\Object\013.jpg
Object,015.jpg,data/Stimuli\Object\015.jpg
Object,017.jpg,data/Stimuli\Object\017.jpg
Object,019.jpg,data/Stimuli\Object\019.jpg
Object,021.jpg,data/Stimuli\Object\021.jpg
Object,023.jpg,data/Stimuli\Object\023.jpg
Object,025.jpg,data/Stimuli\Object\025.jpg
Object,027.jpg,data/Stimuli\Object\027.jpg
Object,029.jpg,data/Stimuli\Object\029.jpg
Object,031.jpg,data/Stimuli\Object\031.jpg
Object,033.jpg,data/Stimuli\Object\033.jpg
Object,035.jpg,data/Stimuli\Object\035.jpg
Object,037.jpg,data/Stimuli\Object\037.jpg
Object,039.jpg,data/Stimuli\Object\039.jpg
Object,041.jpg,data/Stimuli\Object\041.jpg
Object,043.jpg,data/Stimuli\Object\043.jpg
Object,045.jpg,data/Stimuli\Object\045.jpg
Object,047.jpg,data/Stimuli\Object\047.jpg
Object,049.jpg,data/Stimuli\Object\049.jpg
Object,051.jpg,data/Stimuli\Object\051.jpg
Object,053.jpg,data/Stimuli\Object\053.jpg
Object,055.jpg,data/Stimuli\Object\055.jpg
Object,057.jpg,data/Stimuli\Object\057.jpg
Object,059.jpg,data/Stimuli\Object\059.jpg
Object,061.jpg,data/Stimuli\Object\061.jpg
Object,063.jpg,data/Stimuli\Object\063.jpg
Object,065.jpg,data/Stimuli\Object\065.jpg
Object,067.jpg,data/Stimuli\Object\067.jpg
Object,069.jpg,data/Stimuli\Object\069.jpg
Object,071.jpg,data/Stimuli\Object\071.jpg
Object,073.jpg,data/Stimuli\Object\073.jpg
Object,075.jpg,data/Stimuli\Object\075.jpg
Object,077.jpg,data/Stimuli\Object\077.jpg
Object,079.jpg,data/Stimuli\Object\079.jpg
Object,081.jpg,data/Stimuli\Object\081.jpg
Object,083.jpg,data/Stimuli\Object\083.jpg
Object,085.jpg,data/Stimuli\Object\085.jpg
Object,087.jpg,data/Stimuli\Object\087.jpg
Object,089.jpg,data/Stimuli\Object\089.jpg
Object,091.jpg,data/Stimuli\Object\091.jpg
Object,093.jpg,data/Stimuli\Object\093.jpg
Object,095.jpg,data/Stimuli\Object\095.jpg
Object,097.jpg,data/Stimuli\Object\097.jpg
Object,099.jpg,data/Stimuli\Object\099.jpg
Object,101.jpg,data/Stimuli\Object\101.jpg
Object,103.jpg,data/Stimuli\Object\103.jpg
Object,105.jpg,data/Stimuli\Object\105.jpg
Object,107.jpg,data/Stimuli\Object\107.jpg
Object,109.jpg,data/Stimuli\Object\109.jpg
Object,111.jpg,data/Stimuli\Object\111.jpg
Object,113.jpg,data/Stimuli\Object\113.jpg
Object,115.jpg,data/Stimuli\Object\115.jpg
Object,117.jpg,data/Stimuli\Object\117.jpg
Object,119.jpg,data/Stimuli\Object\119.jpg
Object,121.jpg,data/Stimuli\Object\121.jpg
Object,123.jpg,data/Stimuli\Object\123.jpg
Object,125.jpg,data/Stimuli\Object\125.jpg
Object,127.jpg,data/Stimuli\Object\127.jpg
Object,129.jpg,data/Stimuli\Object\129.jpg
Object,131.jpg,data/Stimuli\Object\131.jpg
Object,133.jpg,data/Stimuli\Object\133.jpg
Object,135.jpg,data/Stimuli\Object\135.jpg
Object,137.jpg,data/Stimuli\Object\137.jpg
Object,139.jpg,data/Stimuli\Object\139.jpg
Object,141.jpg,data/Stimuli\Object\141.jpg
Object,143.jpg,data/Stimuli\Object\143.jpg
Object,145.jpg,data/Stimuli\Object\145.jpg
Object,147.jpg,data/Stimuli\Object\147.jpg
Object,149.jpg,data/Stimuli\Object\149.jpg
Object,151.jpg,data/Stimuli\Object\151.jpg
Object,153.jpg,data/Stimuli\Object\153.jpg
Object,155.jpg,data/Stimuli\Object\155.jpg
Object,157.jpg,data/Stimuli\Object\157.jpg
Object,159.jpg,data/Stimuli\Object\159.jpg
Object,161.jpg,data/Stimuli\Object\161.jpg
Object,163.jpg,data/Stimuli\Object\163.jpg
Object,165.jpg,data/Stimuli\Object\165.jpg
Object,167.jpg,data/Stimuli\Object\167.jpg
Object,169.jpg,data/Stimuli\Object\169.jpg
Object,171.jpg,data/Stimuli\Object\171.jpg
Object,173.jpg,data/Stimuli\Object\173.jpg
Object,175.jpg,data/Stimuli\Object\175.jpg
Object,177.jpg,data/Stimuli\Object\177.jpg
Object,179.jpg,data/Stimuli\Object\179.jpg
Object,181.jpg,data/Stimuli\Object\181.jpg
Object,183.jpg,data/Stimuli\Object\183.jpg
Object,185.jpg,data/Stimuli\Object\185.jpg
Object,187.jpg,data/Stimuli\Object\187.jpg
Object,189.jpg,data/Stimuli\Object\189.jpg
Object,191.jpg,data/Stimuli\Object\191.jpg
Object,193.jpg,data/Stimuli\Object\193.jpg
Object,195.jpg,data/Stimuli\Object\195.jpg
Object,197.jpg,data/Stimuli\Object\197.jpg
Object,199.jpg,data/Stimuli\Object\199.jpg
OutdoorManMade,001.jpg,data/Stimuli\OutdoorManMade\001.jpg
OutdoorManMade,003.jpg,data/Stimuli\OutdoorManMade\003.jpg
OutdoorManMade,005.jpg,data/Stimuli\OutdoorManMade\005.jpg
OutdoorManMade,007.jpg,data/Stimuli\OutdoorManMade\007.jpg
OutdoorManMade,009.jpg,data/Stimuli\OutdoorManMade\009.jpg
OutdoorManMade,011.jpg,data/Stimuli\OutdoorManMade\011.jpg
OutdoorManMade,013.jpg,data/Stimuli\OutdoorManMade\013.jpg
OutdoorManMade,015.jpg,data/Stimuli\OutdoorManMade\015.jpg
OutdoorManMade,017.jpg,data/Stimuli\OutdoorManMade\017.jpg
OutdoorManMade,019.jpg,data/Stimuli\OutdoorManMade\019.jpg
OutdoorManMade,021.jpg,data/Stimuli\OutdoorManMade\021.jpg
OutdoorManMade,023.jpg,data/Stimuli\OutdoorManMade\023.jpg
OutdoorManMade,025.jpg,data/Stimuli\OutdoorManMade\025.jpg
OutdoorManMade,027.jpg,data/Stimuli\OutdoorManMade\027.jpg
OutdoorManMade,029.jpg,data/Stimuli\OutdoorManMade\029.jpg
OutdoorManMade,031.jpg,data/Stimuli\OutdoorManMade\031.jpg
OutdoorManMade,033.jpg,data/Stimuli\OutdoorManMade\033.jpg
OutdoorManMade,035.jpg,data/Stimuli\OutdoorManMade\035.jpg
OutdoorManMade,037.jpg,data/Stimuli\OutdoorManMade\037.jpg
OutdoorManMade,039.jpg,data/Stimuli\OutdoorManMade\039.jpg
OutdoorManMade,041.jpg,data/Stimuli\OutdoorManMade\041.jpg
OutdoorManMade,043.jpg,data/Stimuli\OutdoorManMade\043.jpg
OutdoorManMade,045.jpg,data/Stimuli\OutdoorManMade\045.jpg
OutdoorManMade,047.jpg,data/Stimuli\OutdoorManMade\047.jpg
OutdoorManMade,049.jpg,data/Stimuli\OutdoorManMade\049.jpg
OutdoorManMade,051.jpg,data/Stimuli\OutdoorManMade\051.jpg
OutdoorManMade,053.jpg,data/Stimuli\OutdoorManMade\053.jpg
OutdoorManMade,055.jpg,data/Stimuli\OutdoorManMade\055.jpg
OutdoorManMade,057.jpg,data/Stimuli\OutdoorManMade\057.jpg
OutdoorManMade,059.jpg,data/Stimuli\OutdoorManMade\059.jpg
OutdoorManMade,061.jpg,data/Stimuli\OutdoorManMade\061.jpg
OutdoorManMade,063.jpg,data/Stimuli\OutdoorManMade\063.jpg
OutdoorManMade,065.jpg,data/Stimuli\OutdoorManMade\065.jpg
OutdoorManMade,067.jpg,data/Stimuli\OutdoorManMade\067.jpg
OutdoorManMade,069.jpg,data/Stimuli\OutdoorManMade\069.jpg
OutdoorManMade,071.jpg,data/Stimuli\OutdoorManMade\071.jpg
OutdoorManMade,073.jpg,data/Stimuli\OutdoorManMade\073.jpg
OutdoorManMade,075.jpg,data/Stimuli\OutdoorManMade\075.jpg
OutdoorManMade,077.jpg,data/Stimuli\OutdoorManMade\077.jpg
OutdoorManMade,079.jpg,data/Stimuli\OutdoorManMade\079.jpg
OutdoorManMade,081.jpg,data/Stimuli\OutdoorManMade\081.jpg
OutdoorManMade,083.jpg,data/Stimuli\OutdoorManMade\083.jpg
OutdoorManMade,085.jpg,data/Stimuli\OutdoorManMade\085.jpg
OutdoorManMade,087.jpg,data/Stimuli\OutdoorManMade\087.jpg
OutdoorManMade,089.jpg,data/Stimuli\OutdoorManMade\089.jpg
OutdoorManMade,091.jpg,data/Stimuli\OutdoorManMade\091.jpg
OutdoorManMade,093.jpg,data/Stimuli\OutdoorManMade\093.jpg
OutdoorManMade,095.jpg,data/Stimuli\OutdoorManMade\095.jpg
OutdoorManMade,097.jpg,data/Stimuli\OutdoorManMade\097.jpg
OutdoorManMade,099.jpg,data/Stimuli\OutdoorManMade\099.jpg
OutdoorManMade,101.jpg,data/Stimuli\OutdoorManMade\101.jpg
OutdoorManMade,103.jpg,data/Stimuli\OutdoorManMade\103.jpg
OutdoorManMade,105.jpg,data/Stimuli\OutdoorManMade\105.jpg
OutdoorManMade,107.jpg,data/Stimuli\OutdoorManMade\107.jpg
OutdoorManMade,109.jpg,data/Stimuli\OutdoorManMade\109.jpg
OutdoorManMade,111.jpg,data/Stimuli\OutdoorManMade\111.jpg
OutdoorManMade,113.jpg,data/Stimuli\OutdoorManMade\113.jpg
OutdoorManMade,115.jpg,data/Stimuli\OutdoorManMade\115.jpg
OutdoorManMade,117.jpg,data/Stimuli\OutdoorManMade\117.jpg
OutdoorManMade,119.jpg,data/Stimuli\OutdoorManMade\119.jpg
OutdoorManMade,121.jpg,data/Stimuli\OutdoorManMade\121.jpg
OutdoorManMade,123.jpg,data/Stimuli\OutdoorManMade\123.jpg
OutdoorManMade,125.jpg,data/Stimuli\OutdoorManMade\125.jpg
OutdoorManMade,127.jpg,data/Stimuli\OutdoorManMade\127.jpg
OutdoorManMade,129.jpg,data/Stimuli\OutdoorManMade\129.jpg
OutdoorManMade,131.jpg,data/Stimuli\OutdoorManMade\131.jpg
OutdoorManMade,133.jpg,data/Stimuli\OutdoorManMade\133.jpg
OutdoorManMade,135.jpg,data/Stimuli\OutdoorManMade\135.jpg
OutdoorManMade,137.jpg,data/Stimuli\OutdoorManMade\137.jpg
OutdoorManMade,139.jpg,data/Stimuli\OutdoorManMade\139.jpg
OutdoorManMade,141.jpg,data/Stimuli\OutdoorManMade\141.jpg
OutdoorManMade,143.jpg,data/Stimuli\OutdoorManMade\143.jpg
OutdoorManMade,145.jpg,data/Stimuli\OutdoorManMade\145.jpg
OutdoorManMade,147.jpg,data/Stimuli\OutdoorManMade\147.jpg
OutdoorManMade,149.jpg,data/Stimuli\OutdoorManMade\149.jpg
OutdoorManMade,151.jpg,data/Stimuli\OutdoorManMade\151.jpg
OutdoorManMade,153.jpg,data/Stimuli\OutdoorManMade\153.jpg
OutdoorManMade,155.jpg,data/Stimuli\OutdoorManMade\155.jpg
OutdoorManMade,157.jpg,data/Stimuli\OutdoorManMade\157.jpg
OutdoorManMade,159.jpg,data/Stimuli\OutdoorManMade\159.jpg
OutdoorManMade,161.jpg,data/Stimuli\OutdoorManMade\161.jpg
OutdoorManMade,163.jpg,data/Stimuli\OutdoorManMade\163.jpg
OutdoorManMade,165.jpg,data/Stimuli\OutdoorManMade\165.jpg
OutdoorManMade,167.jpg,data/Stimuli\OutdoorManMade\167.jpg
OutdoorManMade,169.jpg,data/Stimuli\OutdoorManMade\169.jpg
OutdoorManMade,171.jpg,data/Stimuli\OutdoorManMade\171.jpg
OutdoorManMade,173.jpg,data/Stimuli\OutdoorManMade\173.jpg
OutdoorManMade,175.jpg,data/Stimuli\OutdoorManMade\175.jpg
OutdoorManMade,177.jpg,data/Stimuli\OutdoorManMade\177.jpg
OutdoorManMade,179.jpg,data/Stimuli\OutdoorManMade\179.jpg
OutdoorManMade,181.jpg,data/Stimuli\OutdoorManMade\181.jpg
OutdoorManMade,183.jpg,data/Stimuli\OutdoorManMade\183.jpg
OutdoorManMade,185.jpg,data/Stimuli\OutdoorManMade\185.jpg
OutdoorManMade,187.jpg,data/Stimuli\OutdoorManMade\187.jpg
OutdoorManMade,189.jpg,data/Stimuli\OutdoorManMade\189.jpg
OutdoorManMade,191.jpg,data/Stimuli\OutdoorManMade\191.jpg
OutdoorManMade,193.jpg,data/Stimuli\OutdoorManMade\193.jpg
OutdoorManMade,195.jpg,data/Stimuli\OutdoorManMade\195.jpg
OutdoorManMade,197.jpg,data/Stimuli\OutdoorManMade\197.jpg
OutdoorManMade,199.jpg,data/Stimuli\OutdoorManMade\199.jpg
OutdoorNatural,001.jpg,data/Stimuli\OutdoorNatural\001.jpg
OutdoorNatural,003.jpg,data/Stimuli\OutdoorNatural\003.jpg
OutdoorNatural,005.jpg,data/Stimuli\OutdoorNatural\005.jpg
OutdoorNatural,007.jpg,data/Stimuli\OutdoorNatural\007.jpg
OutdoorNatural,009.jpg,data/Stimuli\OutdoorNatural\009.jpg
OutdoorNatural,011.jpg,data/Stimuli\OutdoorNatural\011.jpg
OutdoorNatural,013.jpg,data/Stimuli\OutdoorNatural\013.jpg
OutdoorNatural,015.jpg,data/Stimuli\OutdoorNatural\015.jpg
OutdoorNatural,017.jpg,data/Stimuli\OutdoorNatural\017.jpg
OutdoorNatural,019.jpg,data/Stimuli\OutdoorNatural\019.jpg
OutdoorNatural,021.jpg,data/Stimuli\OutdoorNatural\021.jpg
OutdoorNatural,023.jpg,data/Stimuli\OutdoorNatural\023.jpg
OutdoorNatural,025.jpg,data/Stimuli\OutdoorNatural\025.jpg
OutdoorNatural,027.jpg,data/Stimuli\OutdoorNatural\027.jpg
OutdoorNatural,029.jpg,data/Stimuli\OutdoorNatural\029.jpg
OutdoorNatural,031.jpg,data/Stimuli\OutdoorNatural\031.jpg
OutdoorNatural,033.jpg,data/Stimuli\OutdoorNatural\033.jpg
OutdoorNatural,035.jpg,data/Stimuli\OutdoorNatural\035.jpg
OutdoorNatural,037.jpg,data/Stimuli\OutdoorNatural\037.jpg
OutdoorNatural,039.jpg,data/Stimuli\OutdoorNatural\039.jpg
OutdoorNatural,041.jpg,data/Stimuli\OutdoorNatural\041.jpg
OutdoorNatural,043.jpg,data/Stimuli\OutdoorNatural\043.jpg
OutdoorNatural,045.jpg,data/Stimuli\OutdoorNatural\045.jpg
OutdoorNatural,047.jpg,data/Stimuli\OutdoorNatural\047.jpg
OutdoorNatural,049.jpg,data/Stimuli\OutdoorNatural\049.jpg
OutdoorNatural,051.jpg,data/Stimuli\OutdoorNatural\051.jpg
OutdoorNatural,053.jpg,data/Stimuli\OutdoorNatural\053.jpg
OutdoorNatural,055.jpg,data/Stimuli\OutdoorNatural\055.jpg
OutdoorNatural,057.jpg,data/Stimuli\OutdoorNatural\057.jpg
OutdoorNatural,059.jpg,data/Stimuli\OutdoorNatural\059.jpg
OutdoorNatural,061.jpg,data/Stimuli\OutdoorNatural\061.jpg
OutdoorNatural,063.jpg,data/Stimuli\OutdoorNatural\063.jpg
OutdoorNatural,065.jpg,data/Stimuli\OutdoorNatural\065.jpg
OutdoorNatural,067.jpg,data/Stimuli\OutdoorNatural\067.jpg
OutdoorNatural,069.jpg,data/Stimuli\OutdoorNatural\069.jpg
OutdoorNatural,071.jpg,data/Stimuli\OutdoorNatural\071.jpg
OutdoorNatural,073.jpg,data/Stimuli\OutdoorNatural\073.jpg
OutdoorNatural,075.jpg,data/Stimuli\OutdoorNatural\075.jpg
OutdoorNatural,077.jpg,data/Stimuli\OutdoorNatural\077.jpg
OutdoorNatural,079.jpg,data/Stimuli\OutdoorNatural\079.jpg
OutdoorNatural,081.jpg,data/Stimuli\OutdoorNatural\081.jpg
OutdoorNatural,083.jpg,data/Stimuli\OutdoorNatural\083.jpg
OutdoorNatural,085.jpg,data/Stimuli\OutdoorNatural\085.jpg
OutdoorNatural,087.jpg,data/Stimuli\OutdoorNatural\087.jpg
OutdoorNatural,089.jpg,data/Stimuli\OutdoorNatural\089.jpg
OutdoorNatural,091.jpg,data/Stimuli\OutdoorNatural\091.jpg
OutdoorNatural,093.jpg,data/Stimuli\OutdoorNatural\093.jpg
OutdoorNatural,095.jpg,data/Stimuli\OutdoorNatural\095.jpg
OutdoorNatural,097.jpg,data/Stimuli\OutdoorNatural\097.jpg
OutdoorNatural,099.jpg,data/Stimuli\OutdoorNatural\099.jpg
OutdoorNatural,101.jpg,data/Stimuli\OutdoorNatural\101.jpg
OutdoorNatural,103.jpg,data/Stimuli\OutdoorNatural\103.jpg
OutdoorNatural,105.jpg,data/Stimuli\OutdoorNatural\105.jpg
OutdoorNatural,107.jpg,data/Stimuli\OutdoorNatural\107.jpg
OutdoorNatural,109.jpg,data/Stimuli\OutdoorNatural\109.jpg
OutdoorNatural,111.jpg,data/Stimuli\OutdoorNatural\111.jpg
OutdoorNatural,113.jpg,data/Stimuli\OutdoorNatural\113.jpg
OutdoorNatural,115.jpg,data/Stimuli\OutdoorNatural\115.jpg
OutdoorNatural,117.jpg,data/Stimuli\OutdoorNatural\117.jpg
OutdoorNatural,119.jpg,data/Stimuli\OutdoorNatural\119.jpg
OutdoorNatural,121.jpg,data/Stimuli\OutdoorNatural\121.jpg
OutdoorNatural,123.jpg,data/Stimuli\OutdoorNatural\123.jpg
OutdoorNatural,125.jpg,data/Stimuli\OutdoorNatural\125.jpg
OutdoorNatural,127.jpg,data/Stimuli\OutdoorNatural\127.jpg
OutdoorNatural,129.jpg,data/Stimuli\OutdoorNatural\129.jpg
OutdoorNatural,131.jpg,data/Stimuli\OutdoorNatural\131.jpg
OutdoorNatural,133.jpg,data/Stimuli\OutdoorNatural\133.jpg
OutdoorNatural,135.jpg,data/Stimuli\OutdoorNatural\135.jpg
OutdoorNatural,137.jpg,data/Stimuli\OutdoorNatural\137.jpg
OutdoorNatural,139.jpg,data/Stimuli\OutdoorNatural\139.jpg
OutdoorNatural,141.jpg,data/Stimuli\OutdoorNatural\141.jpg
OutdoorNatural,143.jpg,data/Stimuli\OutdoorNatural\143.jpg
OutdoorNatural,145.jpg,data/Stimuli\OutdoorNatural\145.jpg
OutdoorNatural,147.jpg,data/Stimuli\OutdoorNatural\147.jpg
OutdoorNatural,149.jpg,data/Stimuli\OutdoorNatural\149.jpg
OutdoorNatural,151.jpg,data/Stimuli\OutdoorNatural\151.jpg
OutdoorNatural,153.jpg,data/Stimuli\OutdoorNatural\153.jpg
OutdoorNatural,155.jpg,data/Stimuli\OutdoorNatural\155.jpg
OutdoorNatural,157.jpg,data/Stimuli\OutdoorNatural\157.jpg
OutdoorNatural,159.jpg,data/Stimuli\OutdoorNatural\159.jpg
OutdoorNatural,161.jpg,data/Stimuli\OutdoorNatural\161.jpg
OutdoorNatural,163.jpg,data/Stimuli\OutdoorNatural\163.jpg
OutdoorNatural,165.jpg,data/Stimuli\OutdoorNatural\165.jpg
OutdoorNatural,167.jpg,data/Stimuli\OutdoorNatural\167.jpg
OutdoorNatural,169.jpg,data/Stimuli\OutdoorNatural\169.jpg
OutdoorNatural,171.jpg,data/Stimuli\OutdoorNatural\171.jpg
OutdoorNatural,173.jpg,data/Stimuli\OutdoorNatural\173.jpg
OutdoorNatural,175.jpg,data/Stimuli\OutdoorNatural\175.jpg
OutdoorNatural,177.jpg,data/Stimuli\OutdoorNatural\177.jpg
OutdoorNatural,179.jpg,data/Stimuli\OutdoorNatural\179.jpg
OutdoorNatural,181.jpg,data/Stimuli\OutdoorNatural\181.jpg
OutdoorNatural,183.jpg,data/Stimuli\OutdoorNatural\183.jpg
OutdoorNatural,185.jpg,data/Stimuli\OutdoorNatural\185.jpg
OutdoorNatural,187.jpg,data/Stimuli\OutdoorNatural\187.jpg
OutdoorNatural,189.jpg,data/Stimuli\OutdoorNatural\189.jpg
OutdoorNatural,191.jpg,data/Stimuli\OutdoorNatural\191.jpg
OutdoorNatural,193.jpg,data/Stimuli\OutdoorNatural\193.jpg
OutdoorNatural,195.jpg,data/Stimuli\OutdoorNatural\195.jpg
OutdoorNatural,197.jpg,data/Stimuli\OutdoorNatural\197.jpg
OutdoorNatural,199.jpg,data/Stimuli\OutdoorNatural\199.jpg
Pattern,001.jpg,data/Stimuli\Pattern\001.jpg
Pattern,003.jpg,data/Stimuli\Pattern\003.jpg
Pattern,005.jpg,data/Stimuli\Pattern\005.jpg
Pattern,007.jpg,data/Stimuli\Pattern\007.jpg
Pattern,009.jpg,data/Stimuli\Pattern\009.jpg
Pattern,011.jpg,data/Stimuli\Pattern\011.jpg
Pattern,013.jpg,data/Stimuli\Pattern\013.jpg
Pattern,015.jpg,data/Stimuli\Pattern\015.jpg
Pattern,017.jpg,data/Stimuli\Pattern\017.jpg
Pattern,019.jpg,data/Stimuli\Pattern\019.jpg
Pattern,021.jpg,data/Stimuli\Pattern\021.jpg
Pattern,023.jpg,data/Stimuli\Pattern\023.jpg
Pattern,025.jpg,data/Stimuli\Pattern\025.jpg
Pattern,027.jpg,data/Stimuli\Pattern\027.jpg
Pattern,029.jpg,data/Stimuli\Pattern\029.jpg
Pattern,031.jpg,data/Stimuli\Pattern\031.jpg
Pattern,033.jpg,data/Stimuli\Pattern\033.jpg
Pattern,035.jpg,data/Stimuli\Pattern\035.jpg
Pattern,037.jpg,data/Stimuli\Pattern\037.jpg
Pattern,039.jpg,data/Stimuli\Pattern\039.jpg
Pattern,041.jpg,data/Stimuli\Pattern\041.jpg
Pattern,043.jpg,data/Stimuli\Pattern\043.jpg
Pattern,045.jpg,data/Stimuli\Pattern\045.jpg
Pattern,047.jpg,data/Stimuli\Pattern\047.jpg
Pattern,049.jpg,data/Stimuli\Pattern\049.jpg
Pattern,051.jpg,data/Stimuli\Pattern\051.jpg
Pattern,053.jpg,data/Stimuli\Pattern\053.jpg
Pattern,055.jpg,data/Stimuli\Pattern\055.jpg
Pattern,057.jpg,data/Stimuli\Pattern\057.jpg
Pattern,059.jpg,data/Stimuli\Pattern\059.jpg
Pattern,061.jpg,data/Stimuli\Pattern\061.jpg
Pattern,063.jpg,data/Stimuli\Pattern\063.jpg
Pattern,065.jpg,data/Stimuli\Pattern\065.jpg
Pattern,067.jpg,data/Stimuli\Pattern\067.jpg
Pattern,069.jpg,data/Stimuli\Pattern\069.jpg
Pattern,071.jpg,data/Stimuli\Pattern\071.jpg
Pattern,073.jpg,data/Stimuli\Pattern\073.jpg
Pattern,075.jpg,data/Stimuli\Pattern\075.jpg
Pattern,077.jpg,data/Stimuli\Pattern\077.jpg
Pattern,079.jpg,data/Stimuli\Pattern\079.jpg
Pattern,081.jpg,data/Stimuli\Pattern\081.jpg
Pattern,083.jpg,data/Stimuli\Pattern\083.jpg
Pattern,085.jpg,data/Stimuli\Pattern\085.jpg
Pattern,087.jpg,data/Stimuli\Pattern\087.jpg
Pattern,089.jpg,data/Stimuli\Pattern\089.jpg
Pattern,091.jpg,data/Stimuli\Pattern\091.jpg
Pattern,093.jpg,data/Stimuli\Pattern\093.jpg
Pattern,095.jpg,data/Stimuli\Pattern\095.jpg
Pattern,097.jpg,data/Stimuli\Pattern\097.jpg
Pattern,099.jpg,data/Stimuli\Pattern\099.jpg
Pattern,101.jpg,data/Stimuli\Pattern\101.jpg
Pattern,103.jpg,data/Stimuli\Pattern\103.jpg
Pattern,105.jpg,data/Stimuli\Pattern\105.jpg
Pattern,107.jpg,data/Stimuli\Pattern\107.jpg
Pattern,109.jpg,data/Stimuli\Pattern\109.jpg
Pattern,111.jpg,data/Stimuli\Pattern\111.jpg
Pattern,113.jpg,data/Stimuli\Pattern\113.jpg
Pattern,115.jpg,data/Stimuli\Pattern\115.jpg
Pattern,117.jpg,data/Stimuli\Pattern\117.jpg
Pattern,119.jpg,data/Stimuli\Pattern\119.jpg
Pattern,121.jpg,data/Stimuli\Pattern\121.jpg
Pattern,123.jpg,data/Stimuli\Pattern\123.jpg
Pattern,125.jpg,data/Stimuli\Pattern\125.jpg
Pattern,127.jpg,data/Stimuli\Pattern\127.jpg
Pattern,129.jpg,data/Stimuli\Pattern\129.jpg
Pattern,131.jpg,data/Stimuli\Pattern\131.jpg
Pattern,133.jpg,data/Stimuli\Pattern\133.jpg
Pattern,135.jpg,data/Stimuli\Pattern\135.jpg
Pattern,137.jpg,data/Stimuli\Pattern\137.jpg
Pattern,139.jpg,data/Stimuli\Pattern\139.jpg
Pattern,141.jpg,data/Stimuli\Pattern\141.jpg
Pattern,143.jpg,data/Stimuli\Pattern\143.jpg
Pattern,145.jpg,data/Stimuli\Pattern\145.jpg
Pattern,147.jpg,data/Stimuli\Pattern\147.jpg
Pattern,149.jpg,data/Stimuli\Pattern\149.jpg
Pattern,151.jpg,data/Stimuli\Pattern\151.jpg
Pattern,153.jpg,data/Stimuli\Pattern\153.jpg
Pattern,155.jpg,data/Stimuli\Pattern\155.jpg
Pattern,157.jpg,data/Stimuli\Pattern\157.jpg
Pattern,159.jpg,data/Stimuli\Pattern\159.jpg
Pattern,161.jpg,data/Stimuli\Pattern\161.jpg
Pattern,163.jpg,data/Stimuli\Pattern\163.jpg
Pattern,165.jpg,data/Stimuli\Pattern\165.jpg
Pattern,167.jpg,data/Stimuli\Pattern\167.jpg
Pattern,169.jpg,data/Stimuli\Pattern\169.jpg
Pattern,171.jpg,data/Stimuli\Pattern\171.jpg
Pattern,173.jpg,data/Stimuli\Pattern\173.jpg
Pattern,175.jpg,data/Stimuli\Pattern\175.jpg
Pattern,177.jpg,data/Stimuli\Pattern\177.jpg
Pattern,179.jpg,data/Stimuli\Pattern\179.jpg
Pattern,181.jpg,data/Stimuli\Pattern\181.jpg
Pattern,183.jpg,data/Stimuli\Pattern\183.jpg
Pattern,185.jpg,data/Stimuli\Pattern\185.jpg
Pattern,187.jpg,data/Stimuli\Pattern\187.jpg
Pattern,189.jpg,data/Stimuli\Pattern\189.jpg
Pattern,191.jpg,data/Stimuli\Pattern\191.jpg
Pattern,193.jpg,data/Stimuli\Pattern\193.jpg
Pattern,195.jpg,data/Stimuli\Pattern\195.jpg
Pattern,197.jpg,data/Stimuli\Pattern\197.jpg
Pattern,199.jpg,data/Stimuli\Pattern\199.jpg
Random,001.jpg,data/Stimuli\Random\001.jpg
Random,003.jpg,data/Stimuli\Random\003.jpg
Random,005.jpg,data/Stimuli\Random\005.jpg
Random,007.jpg,data/Stimuli\Random\007.jpg
Random,009.jpg,data/Stimuli\Random\009.jpg
Random,011.jpg,data/Stimuli\Random\011.jpg
Random,013.jpg,data/Stimuli\Random\013.jpg
Random,015.jpg,data/Stimuli\Random\015.jpg
Random,017.jpg,data/Stimuli\Random\017.jpg
Random,019.jpg,data/Stimuli\Random\019.jpg
Random,021.jpg,data/Stimuli\Random\021.jpg
Random,023.jpg,data/Stimuli\Random\023.jpg
Random,025.jpg,data/Stimuli\Random\025.jpg
Random,027.jpg,data/Stimuli\Random\027.jpg
Random,029.jpg,data/Stimuli\Random\029.jpg
Random,031.jpg,data/Stimuli\Random\031.jpg
Random,033.jpg,data/Stimuli\Random\033.jpg
Random,035.jpg,data/Stimuli\Random\035.jpg
Random,037.jpg,data/Stimuli\Random\037.jpg
Random,039.jpg,data/Stimuli\Random\039.jpg
Random,041.jpg,data/Stimuli\Random\041.jpg
Random,043.jpg,data/Stimuli\Random\043.jpg
Random,045.jpg,data/Stimuli\Random\045.jpg
Random,047.jpg,data/Stimuli\Random\047.jpg
Random,049.jpg,data/Stimuli\Random\049.jpg
Random,051.jpg,data/Stimuli\Random\051.jpg
Random,053.jpg,data/Stimuli\Random\053.jpg
Random,055.jpg,data/Stimuli\Random\055.jpg
Random,057.jpg,data/Stimuli\Random\057.jpg
Random,059.jpg,data/Stimuli\Random\059.jpg
Random,061.jpg,data/Stimuli\Random\061.jpg
Random,063.jpg,data/Stimuli\Random\063.jpg
Random,065.jpg,data/Stimuli\Random\065.jpg
Random,067.jpg,data/Stimuli\Random\067.jpg
Random,069.jpg,data/Stimuli\Random\069.jpg
Random,071.jpg,data/Stimuli\Random\071.jpg
Random,073.jpg,data/Stimuli\Random\073.jpg
Random,075.jpg,data/Stimuli\Random\075.jpg
Random,077.jpg,data/Stimuli\Random\077.jpg
Random,079.jpg,data/Stimuli\Random\079.jpg
Random,081.jpg,data/Stimuli\Random\081.jpg
Random,083.jpg,data/Stimuli\Random\083.jpg
Random,085.jpg,data/Stimuli\Random\085.jpg
Random,087.jpg,data/Stimuli\Random\087.jpg
Random,089.jpg,data/Stimuli\Random\089.jpg
Random,091.jpg,data/Stimuli\Random\091.jpg
Random,093.jpg,data/Stimuli\Random\093.jpg
Random,095.jpg,data/Stimuli\Random\095.jpg
Random,097.jpg,data/Stimuli\Random\097.jpg
Random,099.jpg,data/Stimuli\Random\099.jpg
Random,101.jpg,data/Stimuli\Random\101.jpg
Random,103.jpg,data/Stimuli\Random\103.jpg
Random,105.jpg,data/Stimuli\Random\105.jpg
Random,107.jpg,data/Stimuli\Random\107.jpg
Random,109.jpg,data/Stimuli\Random\109.jpg
Random,111.jpg,data/Stimuli\Random\111.jpg
Random,113.jpg,data/Stimuli\Random\113.jpg
Random,115.jpg,data/Stimuli\Random\115.jpg
Random,117.jpg,data/Stimuli\Random\117.jpg
Random,119.jpg,data/Stimuli\Random\119.jpg
Random,121.jpg,data/Stimuli\Random\121.jpg
Random,123.jpg,data/Stimuli\Random\123.jpg
Random,125.jpg,data/Stimuli\Random\125.jpg
Random,127.jpg,data/Stimuli\Random\127.jpg
Random,129.jpg,data/Stimuli\Random\129.jpg
Random,131.jpg,data/Stimuli\Random\131.jpg
Random,133.jpg,data/Stimuli\Random\133.jpg
Random,135.jpg,data/Stimuli\Random\135.jpg
Random,137.jpg,data/Stimuli\Random\137.jpg
Random,139.jpg,data/Stimuli\Random\139.jpg
Random,141.jpg,data/Stimuli\Random\141.jpg
Random,143.jpg,data/Stimuli\Random\143.jpg
Random,145.jpg,data/Stimuli\Random\145.jpg
Random,147.jpg,data/Stimuli\Random\147.jpg
Random,149.jpg,data/Stimuli\Random\149.jpg
Random,151.jpg,data/Stimuli\Random\151.jpg
Random,153.jpg,data/Stimuli\Random\153.jpg
Random,155.jpg,data/Stimuli\Random\155.jpg
Random,157.jpg,data/Stimuli\Random\157.jpg
Random,159.jpg,data/Stimuli\Random\159.jpg
Random,161.jpg,data/Stimuli\Random\161.jpg
Random,163.jpg,data/Stimuli\Random\163.jpg
Random,165.jpg,data/Stimuli\Random\165.jpg
Random,167.jpg,data/Stimuli\Random\167.jpg
Random,169.jpg,data/Stimuli\Random\169.jpg
Random,171.jpg,data/Stimuli\Random\171.jpg
Random,173.jpg,data/Stimuli\Random\173.jpg
Random,175.jpg,data/Stimuli\Random\175.jpg
Random,177.jpg,data/Stimuli\Random\177.jpg
Random,179.jpg,data/Stimuli\Random\179.jpg
Random,181.jpg,data/Stimuli\Random\181.jpg
Random,183.jpg,data/Stimuli\Random\183.jpg
Random,185.jpg,data/Stimuli\Random\185.jpg
Random,187.jpg,data/Stimuli\Random\187.jpg
Random,189.jpg,data/Stimuli\Random\189.jpg
Random,191.jpg,data/Stimuli\Random\191.jpg
Random,193.jpg,data/Stimuli\Random\193.jpg
Random,195.jpg,data/Stimuli\Random\195.jpg
Random,197.jpg,data/Stimuli\Random\197.jpg
Random,199.jpg,data/Stimuli\Random\199.jpg
Satelite,001.jpg,data/Stimuli\Satelite\001.jpg
Satelite,003.jpg,data/Stimuli\Satelite\003.jpg
Satelite,005.jpg,data/Stimuli\Satelite\005.jpg
Satelite,007.jpg,data/Stimuli\Satelite\007.jpg
Satelite,009.jpg,data/Stimuli\Satelite\009.jpg
Satelite,011.jpg,data/Stimuli\Satelite\011.jpg
Satelite,013.jpg,data/Stimuli\Satelite\013.jpg
Satelite,015.jpg,data/Stimuli\Satelite\015.jpg
Satelite,017.jpg,data/Stimuli\Satelite\017.jpg
Satelite,019.jpg,data/Stimuli\Satelite\019.jpg
Satelite,021.jpg,data/Stimuli\Satelite\021.jpg
Satelite,023.jpg,data/Stimuli\Satelite\023.jpg
Satelite,025.jpg,data/Stimuli\Satelite\025.jpg
Satelite,027.jpg,data/Stimuli\Satelite\027.jpg
Satelite,029.jpg,data/Stimuli\Satelite\029.jpg
Satelite,031.jpg,data/Stimuli\Satelite\031.jpg
Satelite,033.jpg,data/Stimuli\Satelite\033.jpg
Satelite,035.jpg,data/Stimuli\Satelite\035.jpg
Satelite,037.jpg,data/Stimuli\Satelite\037.jpg
Satelite,039.jpg,data/Stimuli\Satelite\039.jpg
Satelite,041.jpg,data/Stimuli\Satelite\041.jpg
Satelite,043.jpg,data/Stimuli\Satelite\043.jpg
Satelite,045.jpg,data/Stimuli\Satelite\045.jpg
Satelite,047.jpg,data/Stimuli\Satelite\047.jpg
Satelite,049.jpg,data/Stimuli\Satelite\049.jpg
Satelite,051.jpg,data/Stimuli\Satelite\051.jpg
Satelite,053.jpg,data/Stimuli\Satelite\053.jpg
Satelite,055.jpg,data/Stimuli\Satelite\055.jpg
Satelite,057.jpg,data/Stimuli\Satelite\057.jpg
Satelite,059.jpg,data/Stimuli\Satelite\059.jpg
Satelite,061.jpg,data/Stimuli\Satelite\061.jpg
Satelite,063.jpg,data/Stimuli\Satelite\063.jpg
Satelite,065.jpg,data/Stimuli\Satelite\065.jpg
Satelite,067.jpg,data/Stimuli\Satelite\067.jpg
Satelite,069.jpg,data/Stimuli\Satelite\069.jpg
Satelite,071.jpg,data/Stimuli\Satelite\071.jpg
Satelite,073.jpg,data/Stimuli\Satelite\073.jpg
Satelite,075.jpg,data/Stimuli\Satelite\075.jpg
Satelite,077.jpg,data/Stimuli\Satelite\077.jpg
Satelite,079.jpg,data/Stimuli\Satelite\079.jpg
Satelite,081.jpg,data/Stimuli\Satelite\081.jpg
Satelite,083.jpg,data/Stimuli\Satelite\083.jpg
Satelite,085.jpg,data/Stimuli\Satelite\085.jpg
Satelite,087.jpg,data/Stimuli\Satelite\087.jpg
Satelite,089.jpg,data/Stimuli\Satelite\089.jpg
Satelite,091.jpg,data/Stimuli\Satelite\091.jpg
Satelite,093.jpg,data/Stimuli\Satelite\093.jpg
Satelite,095.jpg,data/Stimuli\Satelite\095.jpg
Satelite,097.jpg,data/Stimuli\Satelite\097.jpg
Satelite,099.jpg,data/Stimuli\Satelite\099.jpg
Satelite,101.jpg,data/Stimuli\Satelite\101.jpg
Satelite,103.jpg,data/Stimuli\Satelite\103.jpg
Satelite,105.jpg,data/Stimuli\Satelite\105.jpg
Satelite,107.jpg,data/Stimuli\Satelite\107.jpg
Satelite,109.jpg,data/Stimuli\Satelite\109.jpg
Satelite,111.jpg,data/Stimuli\Satelite\111.jpg
Satelite,113.jpg,data/Stimuli\Satelite\113.jpg
Satelite,115.jpg,data/Stimuli\Satelite\115.jpg
Satelite,117.jpg,data/Stimuli\Satelite\117.jpg
Satelite,119.jpg,data/Stimuli\Satelite\119.jpg
Satelite,121.jpg,data/Stimuli\Satelite\121.jpg
Satelite,123.jpg,data/Stimuli\Satelite\123.jpg
Satelite,125.jpg,data/Stimuli\Satelite\125.jpg
Satelite,127.jpg,data/Stimuli\Satelite\127.jpg
Satelite,129.jpg,data/Stimuli\Satelite\129.jpg
Satelite,131.jpg,data/Stimuli\Satelite\131.jpg
Satelite,133.jpg,data/Stimuli\Satelite\133.jpg
Satelite,135.jpg,data/Stimuli\Satelite\135.jpg
Satelite,137.jpg,data/Stimuli\Satelite\137.jpg
Satelite,139.jpg,data/Stimuli\Satelite\139.jpg
Satelite,141.jpg,data/Stimuli\Satelite\141.jpg
Satelite,143.jpg,data/Stimuli\Satelite\143.jpg
Satelite,145.jpg,data/Stimuli\Satelite\145.jpg
Satelite,147.jpg,data/Stimuli\Satelite\147.jpg
Satelite,149.jpg,data/Stimuli\Satelite\149.jpg
Satelite,151.jpg,data/Stimuli\Satelite\151.jpg
Satelite,153.jpg,data/Stimuli\Satelite\153.jpg
Satelite,155.jpg,data/Stimuli\Satelite\155.jpg
Satelite,157.jpg,data/Stimuli\Satelite\157.jpg
Satelite,159.jpg,data/Stimuli\Satelite\159.jpg
Satelite,161.jpg,data/Stimuli\Satelite\161.jpg
Satelite,163.jpg,data/Stimuli\Satelite\163.jpg
Satelite,165.jpg,data/Stimuli\Satelite\165.jpg
Satelite,167.jpg,data/Stimuli\Satelite\167.jpg
Satelite,169.jpg,data/Stimuli\Satelite\169.jpg
Satelite,171.jpg,data/Stimuli\Satelite\171.jpg
Satelite,173.jpg,data/Stimuli\Satelite\173.jpg
Satelite,175.jpg,data/Stimuli\Satelite\175.jpg
Satelite,177.jpg,data/Stimuli\Satelite\177.jpg
Satelite,179.jpg,data/Stimuli\Satelite\179.jpg
Satelite,181.jpg,data/Stimuli\Satelite\181.jpg
Satelite,183.jpg,data/Stimuli\Satelite\183.jpg
Satelite,185.jpg,data/Stimuli\Satelite\185.jpg
Satelite,187.jpg,data/Stimuli\Satelite\187.jpg
Satelite,189.jpg,data/Stimuli\Satelite\189.jpg
Satelite,191.jpg,data/Stimuli\Satelite\191.jpg
Satelite,193.jpg,data/Stimuli\Satelite\193.jpg
Satelite,195.jpg,data/Stimuli\Satelite\195.jpg
Satelite,197.jpg,data/Stimuli\Satelite\197.jpg
Satelite,199.jpg,data/Stimuli\Satelite\199.jpg
Sketch,001.jpg,data/Stimuli\Sketch\001.jpg
Sketch,003.jpg,data/Stimuli\Sketch\003.jpg
Sketch,005.jpg,data/Stimuli\Sketch\005.jpg
Sketch,007.jpg,data/Stimuli\Sketch\007.jpg
Sketch,009.jpg,data/Stimuli\Sketch\009.jpg
Sketch,011.jpg,data/Stimuli\Sketch\011.jpg
Sketch,013.jpg,data/Stimuli\Sketch\013.jpg
Sketch,015.jpg,data/Stimuli\Sketch\015.jpg
Sketch,017.jpg,data/Stimuli\Sketch\017.jpg
Sketch,019.jpg,data/Stimuli\Sketch\019.jpg
Sketch,021.jpg,data/Stimuli\Sketch\021.jpg
Sketch,023.jpg,data/Stimuli\Sketch\023.jpg
Sketch,025.jpg,data/Stimuli\Sketch\025.jpg
Sketch,027.jpg,data/Stimuli\Sketch\027.jpg
Sketch,029.jpg,data/Stimuli\Sketch\029.jpg
Sketch,031.jpg,data/Stimuli\Sketch\031.jpg
Sketch,033.jpg,data/Stimuli\Sketch\033.jpg
Sketch,035.jpg,data/Stimuli\Sketch\035.jpg
Sketch,037.jpg,data/Stimuli\Sketch\037.jpg
Sketch,039.jpg,data/Stimuli\Sketch\039.jpg
Sketch,041.jpg,data/Stimuli\Sketch\041.jpg
Sketch,043.jpg,data/Stimuli\Sketch\043.jpg
Sketch,045.jpg,data/Stimuli\Sketch\045.jpg
Sketch,047.jpg,data/Stimuli\Sketch\047.jpg
Sketch,049.jpg,data/Stimuli\Sketch\049.jpg
Sketch,051.jpg,data/Stimuli\Sketch\051.jpg
Sketch,053.jpg,data/Stimuli\Sketch\053.jpg
Sketch,055.jpg,data/Stimuli\Sketch\055.jpg
Sketch,057.jpg,data/Stimuli\Sketch\057.jpg
Sketch,059.jpg,data/Stimuli\Sketch\059.jpg
Sketch,061.jpg,data/Stimuli\Sketch\061.jpg
Sketch,063.jpg,data/Stimuli\Sketch\063.jpg
Sketch,065.jpg,data/Stimuli\Sketch\065.jpg
Sketch,067.jpg,data/Stimuli\Sketch\067.jpg
Sketch,069.jpg,data/Stimuli\Sketch\069.jpg
Sketch,071.jpg,data/Stimuli\Sketch\071.jpg
Sketch,073.jpg,data/Stimuli\Sketch\073.jpg
Sketch,075.jpg,data/Stimuli\Sketch\075.jpg
Sketch,077.jpg,data/Stimuli\Sketch\077.jpg
Sketch,079.jpg,data/Stimuli\Sketch\079.jpg
Sketch,081.jpg,data/Stimuli\Sketch\081.jpg
Sketch,083.jpg,data/Stimuli\Sketch\083.jpg
Sketch,085.jpg,data/Stimuli\Sketch\085.jpg
Sketch,087.jpg,data/Stimuli\Sketch\087.jpg
Sketch,089.jpg,data/Stimuli\Sketch\089.jpg
Sketch,091.jpg,data/Stimuli\Sketch\091.jpg
Sketch,093.jpg,data/Stimuli\Sketch\093.jpg
Sketch,095.jpg,data/Stimuli\Sketch\095.jpg
Sketch,097.jpg,data/Stimuli\Sketch\097.jpg
Sketch,099.jpg,data/Stimuli\Sketch\099.jpg
Sketch,101.jpg,data/Stimuli\Sketch\101.jpg
Sketch,103.jpg,data/Stimuli\Sketch\103.jpg
Sketch,105.jpg,data/Stimuli\Sketch\105.jpg
Sketch,107.jpg,data/Stimuli\Sketch\107.jpg
Sketch,109.jpg,data/Stimuli\Sketch\109.jpg
Sketch,111.jpg,data/Stimuli\Sketch\111.jpg
Sketch,113.jpg,data/Stimuli\Sketch\113.jpg
Sketch,115.jpg,data/Stimuli\Sketch\115.jpg
Sketch,117.jpg,data/Stimuli\Sketch\117.jpg
Sketch,119.jpg,data/Stimuli\Sketch\119.jpg
Sketch,121.jpg,data/Stimuli\Sketch\121.jpg
Sketch,123.jpg,data/Stimuli\Sketch\123.jpg
Sketch,125.jpg,data/Stimuli\Sketch\125.jpg
Sketch,127.jpg,data/Stimuli\Sketch\127.jpg
Sketch,129.jpg,data/Stimuli\Sketch\129.jpg
Sketch,131.jpg,data/Stimuli\Sketch\131.jpg
Sketch,133.jpg,data/Stimuli\Sketch\133.jpg
Sketch,135.jpg,data/Stimuli\Sketch\135.jpg
Sketch,137.jpg,data/Stimuli\Sketch\137.jpg
Sketch,139.jpg,data/Stimuli\Sketch\139.jpg
Sketch,141.jpg,data/Stimuli\Sketch\141.jpg
Sketch,143.jpg,data/Stimuli\Sketch\143.jpg
Sketch,145.jpg,data/Stimuli\Sketch\145.jpg
Sketch,147.jpg,data/Stimuli\Sketch\147.jpg
Sketch,149.jpg,data/Stimuli\Sketch\149.jpg
Sketch,151.jpg,data/Stimuli\Sketch\151.jpg
Sketch,153.jpg,data/Stimuli\Sketch\153.jpg
Sketch,155.jpg,data/Stimuli\Sketch\155.jpg
Sketch,157.jpg,data/Stimuli\Sketch\157.jpg
Sketch,159.jpg,data/Stimuli\Sketch\159.jpg
Sketch,161.jpg,data/Stimuli\Sketch\161.jpg
Sketch,163.jpg,data/Stimuli\Sketch\163.jpg
Sketch,165.jpg,data/Stimuli\Sketch\165.jpg
Sketch,167.jpg,data/Stimuli\Sketch\167.jpg
Sketch,169.jpg,data/Stimuli\Sketch\169.jpg
Sketch,171.jpg,data/Stimuli\Sketch\171.jpg
Sketch,173.jpg,data/Stimuli\Sketch\173.jpg
Sketch,175.jpg,data/Stimuli\Sketch\175.jpg
Sketch,177.jpg,data/Stimuli\Sketch\177.jpg
Sketch,179.jpg,data/Stimuli\Sketch\179.jpg
Sketch,181.jpg,data/Stimuli\Sketch\181.jpg
Sketch,183.jpg,data/Stimuli\Sketch\183.jpg
Sketch,185.jpg,data/Stimuli\Sketch\185.jpg
Sketch,187.jpg,data/Stimuli\Sketch\187.jpg
Sketch,189.jpg,data/Stimuli\Sketch\189.jpg
Sketch,191.jpg,data/Stimuli\Sketch\191.jpg
Sketch,193.jpg,data/Stimuli\Sketch\193.jpg
Sketch,195.jpg,data/Stimuli\Sketch\195.jpg
Sketch,197.jpg,data/Stimuli\Sketch\197.jpg
Sketch,199.jpg,data/Stimuli\Sketch\199.jpg
Social,001.jpg,data/Stimuli\Social\001.jpg
Social,003.jpg,data/Stimuli\Social\003.jpg
Social,005.jpg,data/Stimuli\Social\005.jpg
Social,007.jpg,data/Stimuli\Social\007.jpg
Social,009.jpg,data/Stimuli\Social\009.jpg
Social,011.jpg,data/Stimuli\Social\011.jpg
Social,013.jpg,data/Stimuli\Social\013.jpg
Social,015.jpg,data/Stimuli\Social\015.jpg
Social,017.jpg,data/Stimuli\Social\017.jpg
Social,019.jpg,data/Stimuli\Social\019.jpg
Social,021.jpg,data/Stimuli\Social\021.jpg
Social,023.jpg,data/Stimuli\Social\023.jpg
Social,025.jpg,data/Stimuli\Social\025.jpg
Social,027.jpg,data/Stimuli\Social\027.jpg
Social,029.jpg,data/Stimuli\Social\029.jpg
Social,031.jpg,data/Stimuli\Social\031.jpg
Social,033.jpg,data/Stimuli\Social\033.jpg
Social,035.jpg,data/Stimuli\Social\035.jpg
Social,037.jpg,data/Stimuli\Social\037.jpg
Social,039.jpg,data/Stimuli\Social\039.jpg
Social,041.jpg,data/Stimuli\Social\041.jpg
Social,043.jpg,data/Stimuli\Social\043.jpg
Social,045.jpg,data/Stimuli\Social\045.jpg
Social,047.jpg,data/Stimuli\Social\047.jpg
Social,049.jpg,data/Stimuli\Social\049.jpg
Social,051.jpg,data/Stimuli\Social\051.jpg
Social,053.jpg,data/Stimuli\Social\053.jpg
Social,055.jpg,data/Stimuli\Social\055.jpg
Social,057.jpg,data/Stimuli\Social\057.jpg
Social,059.jpg,data/Stimuli\Social\059.jpg
Social,061.jpg,data/Stimuli\Social\061.jpg
Social,063.jpg,data/Stimuli\Social\063.jpg
Social,065.jpg,data/Stimuli\Social\065.jpg
Social,067.jpg,data/Stimuli\Social\067.jpg
Social,069.jpg,data/Stimuli\Social\069.jpg
Social,071.jpg,data/Stimuli\Social\071.jpg
Social,073.jpg,data/Stimuli\Social\073.jpg
Social,075.jpg,data/Stimuli\Social\075.jpg
Social,077.jpg,data/Stimuli\Social\077.jpg
Social,079.jpg,data/Stimuli\Social\079.jpg
Social,081.jpg,data/Stimuli\Social\081.jpg
Social,083.jpg,data/Stimuli\Social\083.jpg
Social,085.jpg,data/Stimuli\Social\085.jpg
Social,087.jpg,data/Stimuli\Social\087.jpg
Social,089.jpg,data/Stimuli\Social\089.jpg
Social,091.jpg,data/Stimuli\Social\091.jpg
Social,093.jpg,data/Stimuli\Social\093.jpg
Social,095.jpg,data/Stimuli\Social\095.jpg
Social,097.jpg,data/Stimuli\Social\097.jpg
Social,099.jpg,data/Stimuli\Social\099.jpg
Social,101.jpg,data/Stimuli\Social\101.jpg
Social,103.jpg,data/Stimuli\Social\103.jpg
Social,105.jpg,data/Stimuli\Social\105.jpg
Social,107.jpg,data/Stimuli\Social\107.jpg
Social,109.jpg,data/Stimuli\Social\109.jpg
Social,111.jpg,data/Stimuli\Social\111.jpg
Social,113.jpg,data/Stimuli\Social\113.jpg
Social,115.jpg,data/Stimuli\Social\115.jpg
Social,117.jpg,data/Stimuli\Social\117.jpg
Social,119.jpg,data/Stimuli\Social\119.jpg
Social,121.jpg,data/Stimuli\Social\121.jpg
Social,123.jpg,data/Stimuli\Social\123.jpg
Social,125.jpg,data/Stimuli\Social\125.jpg
Social,127.jpg,data/Stimuli\Social\127.jpg
Social,129.jpg,data/Stimuli\Social\129.jpg
Social,131.jpg,data/Stimuli\Social\131.jpg
Social,133.jpg,data/Stimuli\Social\133.jpg
Social,135.jpg,data/Stimuli\Social\135.jpg
Social,137.jpg,data/Stimuli\Social\137.jpg
Social,139.jpg,data/Stimuli\Social\139.jpg
Social,141.jpg,data/Stimuli\Social\141.jpg
Social,143.jpg,data/Stimuli\Social\143.jpg
Social,145.jpg,data/Stimuli\Social\145.jpg
Social,147.jpg,data/Stimuli\Social\147.jpg
Social,149.jpg,data/Stimuli\Social\149.jpg
Social,151.jpg,data/Stimuli\Social\151.jpg
Social,153.jpg,data/Stimuli\Social\153.jpg
Social,155.jpg,data/Stimuli\Social\155.jpg
Social,157.jpg,data/Stimuli\Social\157.jpg
Social,159.jpg,data/Stimuli\Social\159.jpg
Social,161.jpg,data/Stimuli\Social\161.jpg
Social,163.jpg,data/Stimuli\Social\163.jpg
Social,165.jpg,data/Stimuli\Social\165.jpg
Social,167.jpg,data/Stimuli\Social\167.jpg
Social,169.jpg,data/Stimuli\Social\169.jpg
Social,171.jpg,data/Stimuli\Social\171.jpg
Social,173.jpg,data/Stimuli\Social\173.jpg
Social,175.jpg,data/Stimuli\Social\175.jpg
Social,177.jpg,data/Stimuli\Social\177.jpg
Social,179.jpg,data/Stimuli\Social\179.jpg
Social,181.jpg,data/Stimuli\Social\181.jpg
Social,183.jpg,data/Stimuli\Social\183.jpg
Social,185.jpg,data/Stimuli\Social\185.jpg
Social,187.jpg,data/Stimuli\Social\187.jpg
Social,189.jpg,data/Stimuli\Social\189.jpg
Social,191.jpg,data/Stimuli\Social\191.jpg
Social,193.jpg,data/Stimuli\Social\193.jpg
Social,195.jpg,data/Stimuli\Social\195.jpg
Social,197.jpg,data/Stimuli\Social\197.jpg
Social,199.jpg,data/Stimuli\Social\199.jpg
