model_name,category,image,threshold_ratio,neighborhood,model_num_peaks
deepgazeiie,Action,001,0.7,25,4
deepgazeiie,Action,003,0.7,25,4
deepgazeiie,Action,005,0.7,25,4
deepgazeiie,Action,007,0.7,25,4
deepgazeiie,Action,009,0.7,25,4
deepgazeiie,Action,011,0.7,25,4
deepgazeiie,Action,013,0.7,25,16
deepgazeiie,Action,015,0.7,25,4
deepgazeiie,Action,017,0.7,25,4
deepgazeiie,Action,019,0.7,25,16
deepgazeiie,Action,021,0.7,25,12
deepgazeiie,Action,023,0.7,25,4
deepgazeiie,Action,025,0.7,25,8
deepgazeiie,Action,027,0.7,25,4
deepgazeiie,Action,029,0.7,25,8
deepgazeiie,Action,031,0.7,25,12
deepgazeiie,Action,033,0.7,25,4
deepgazeiie,Action,035,0.7,25,8
deepgazeiie,Action,037,0.7,25,8
deepgazeiie,Action,039,0.7,25,4
deepgazeiie,Action,041,0.7,25,4
deepgazeiie,Action,043,0.7,25,8
deepgazeiie,Action,045,0.7,25,4
deepgazeiie,Action,047,0.7,25,4
deepgazeiie,Action,049,0.7,25,4
deepgazeiie,Action,051,0.7,25,8
deepgazeiie,Action,053,0.7,25,4
deepgazeiie,Action,055,0.7,25,4
deepgazeiie,Action,057,0.7,25,8
deepgazeiie,Action,059,0.7,25,8
deepgazeiie,Action,061,0.7,25,4
deepgazeiie,Action,063,0.7,25,4
deepgazeiie,Action,065,0.7,25,8
deepgazeiie,Action,067,0.7,25,4
deepgazeiie,Action,069,0.7,25,4
deepgazeiie,Affective,001,0.7,25,12
deepgazeiie,Affective,003,0.7,25,4
deepgazeiie,Affective,005,0.7,25,4
deepgazeiie,Affective,007,0.7,25,4
deepgazeiie,Affective,009,0.7,25,8
deepgazeiie,Affective,011,0.7,25,4
deepgazeiie,Affective,013,0.7,25,8
deepgazeiie,Affective,015,0.7,25,12
deepgazeiie,Affective,017,0.7,25,12
deepgazeiie,Affective,019,0.7,25,4
deepgazeiie,Affective,021,0.7,25,12
deepgazeiie,Affective,023,0.7,25,8
deepgazeiie,Affective,025,0.7,25,8
deepgazeiie,Affective,027,0.7,25,4
deepgazeiie,Affective,029,0.7,25,12
deepgazeiie,Affective,031,0.7,25,4
deepgazeiie,Affective,033,0.7,25,4
deepgazeiie,Affective,035,0.7,25,4
deepgazeiie,Affective,037,0.7,25,4
deepgazeiie,Affective,039,0.7,25,8
deepgazeiie,Affective,041,0.7,25,4
deepgazeiie,Affective,043,0.7,25,4
deepgazeiie,Affective,045,0.7,25,8
deepgazeiie,Affective,047,0.7,25,4
deepgazeiie,Affective,049,0.7,25,4
deepgazeiie,Affective,051,0.7,25,4
deepgazeiie,Affective,053,0.7,25,8
deepgazeiie,Affective,055,0.7,25,8
deepgazeiie,Affective,057,0.7,25,4
deepgazeiie,Affective,059,0.7,25,8
deepgazeiie,Affective,061,0.7,25,4
deepgazeiie,Affective,063,0.7,25,8
deepgazeiie,Affective,065,0.7,25,4
deepgazeiie,Affective,067,0.7,25,4
deepgazeiie,Affective,069,0.7,25,8
deepgazeiie,Art,001,0.7,25,8
deepgazeiie,Art,003,0.7,25,4
deepgazeiie,Art,005,0.7,25,4
deepgazeiie,Art,007,0.7,25,16
deepgazeiie,Art,009,0.7,25,16
deepgazeiie,Art,011,0.7,25,4
deepgazeiie,Art,013,0.7,25,28
deepgazeiie,Art,015,0.7,25,8
deepgazeiie,Art,017,0.7,25,4
deepgazeiie,Art,019,0.7,25,12
deepgazeiie,Art,021,0.7,25,8
deepgazeiie,Art,023,0.7,25,4
deepgazeiie,Art,025,0.7,25,12
deepgazeiie,Art,027,0.7,25,4
deepgazeiie,Art,029,0.7,25,4
deepgazeiie,Art,031,0.7,25,4
deepgazeiie,Art,033,0.7,25,8
deepgazeiie,Art,035,0.7,25,16
deepgazeiie,Art,037,0.7,25,4
deepgazeiie,Art,039,0.7,25,20
deepgazeiie,Art,041,0.7,25,4
deepgazeiie,Art,043,0.7,25,32
deepgazeiie,Art,045,0.7,25,4
deepgazeiie,Art,047,0.7,25,4
deepgazeiie,Art,049,0.7,25,8
deepgazeiie,Art,051,0.7,25,4
deepgazeiie,Art,053,0.7,25,4
deepgazeiie,Art,055,0.7,25,4
deepgazeiie,Art,057,0.7,25,4
deepgazeiie,Art,059,0.7,25,4
deepgazeiie,Art,061,0.7,25,8
deepgazeiie,Art,063,0.7,25,4
deepgazeiie,Art,065,0.7,25,8
deepgazeiie,Art,067,0.7,25,4
deepgazeiie,Art,069,0.7,25,8
deepgazeiie,BlackWhite,001,0.7,25,4
deepgazeiie,BlackWhite,003,0.7,25,8
deepgazeiie,BlackWhite,005,0.7,25,8
deepgazeiie,BlackWhite,007,0.7,25,8
deepgazeiie,BlackWhite,009,0.7,25,8
deepgazeiie,BlackWhite,011,0.7,25,4
deepgazeiie,BlackWhite,013,0.7,25,4
deepgazeiie,BlackWhite,015,0.7,25,8
deepgazeiie,BlackWhite,017,0.7,25,12
deepgazeiie,BlackWhite,019,0.7,25,12
deepgazeiie,BlackWhite,021,0.7,25,4
deepgazeiie,BlackWhite,023,0.7,25,4
deepgazeiie,BlackWhite,025,0.7,25,4
deepgazeiie,BlackWhite,027,0.7,25,4
deepgazeiie,BlackWhite,029,0.7,25,8
deepgazeiie,BlackWhite,031,0.7,25,4
deepgazeiie,BlackWhite,033,0.7,25,8
deepgazeiie,BlackWhite,035,0.7,25,4
deepgazeiie,BlackWhite,037,0.7,25,4
deepgazeiie,BlackWhite,039,0.7,25,4
deepgazeiie,BlackWhite,041,0.7,25,12
deepgazeiie,BlackWhite,043,0.7,25,8
deepgazeiie,BlackWhite,045,0.7,25,8
deepgazeiie,BlackWhite,047,0.7,25,8
deepgazeiie,BlackWhite,049,0.7,25,8
deepgazeiie,BlackWhite,051,0.7,25,4
deepgazeiie,BlackWhite,053,0.7,25,4
deepgazeiie,BlackWhite,055,0.7,25,8
deepgazeiie,BlackWhite,057,0.7,25,4
deepgazeiie,BlackWhite,059,0.7,25,8
deepgazeiie,BlackWhite,061,0.7,25,16
deepgazeiie,BlackWhite,063,0.7,25,16
deepgazeiie,BlackWhite,065,0.7,25,4
deepgazeiie,BlackWhite,067,0.7,25,4
deepgazeiie,BlackWhite,069,0.7,25,4
deepgazeiie,Cartoon,001,0.7,25,4
deepgazeiie,Cartoon,003,0.7,25,4
deepgazeiie,Cartoon,005,0.7,25,12
deepgazeiie,Cartoon,007,0.7,25,12
deepgazeiie,Cartoon,009,0.7,25,12
deepgazeiie,Cartoon,011,0.7,25,12
deepgazeiie,Cartoon,013,0.7,25,4
deepgazeiie,Cartoon,015,0.7,25,16
deepgazeiie,Cartoon,017,0.7,25,8
deepgazeiie,Cartoon,019,0.7,25,4
deepgazeiie,Cartoon,021,0.7,25,36
deepgazeiie,Cartoon,023,0.7,25,4
deepgazeiie,Cartoon,025,0.7,25,4
deepgazeiie,Cartoon,027,0.7,25,4
deepgazeiie,Cartoon,029,0.7,25,4
deepgazeiie,Cartoon,031,0.7,25,4
deepgazeiie,Cartoon,033,0.7,25,8
deepgazeiie,Cartoon,035,0.7,25,16
deepgazeiie,Cartoon,037,0.7,25,4
deepgazeiie,Cartoon,039,0.7,25,8
deepgazeiie,Cartoon,041,0.7,25,4
deepgazeiie,Cartoon,043,0.7,25,8
deepgazeiie,Cartoon,045,0.7,25,4
deepgazeiie,Cartoon,047,0.7,25,4
deepgazeiie,Cartoon,049,0.7,25,4
deepgazeiie,Cartoon,051,0.7,25,4
deepgazeiie,Cartoon,053,0.7,25,4
deepgazeiie,Cartoon,055,0.7,25,8
deepgazeiie,Cartoon,057,0.7,25,4
deepgazeiie,Cartoon,059,0.7,25,8
deepgazeiie,Cartoon,061,0.7,25,16
deepgazeiie,Cartoon,063,0.7,25,8
deepgazeiie,Cartoon,065,0.7,25,12
deepgazeiie,Cartoon,067,0.7,25,12
deepgazeiie,Cartoon,069,0.7,25,8
deepgazeiie,Fractal,001,0.7,25,12
deepgazeiie,Fractal,003,0.7,25,8
deepgazeiie,Fractal,005,0.7,25,4
deepgazeiie,Fractal,007,0.7,25,4
deepgazeiie,Fractal,009,0.7,25,4
deepgazeiie,Fractal,011,0.7,25,4
deepgazeiie,Fractal,013,0.7,25,12
deepgazeiie,Fractal,015,0.7,25,16
deepgazeiie,Fractal,017,0.7,25,4
deepgazeiie,Fractal,019,0.7,25,4
deepgazeiie,Fractal,021,0.7,25,4
deepgazeiie,Fractal,023,0.7,25,4
deepgazeiie,Fractal,025,0.7,25,12
deepgazeiie,Fractal,027,0.7,25,4
deepgazeiie,Fractal,029,0.7,25,8
deepgazeiie,Fractal,031,0.7,25,8
deepgazeiie,Fractal,033,0.7,25,16
deepgazeiie,Fractal,035,0.7,25,8
deepgazeiie,Fractal,037,0.7,25,12
deepgazeiie,Fractal,039,0.7,25,4
deepgazeiie,Fractal,041,0.7,25,4
deepgazeiie,Fractal,043,0.7,25,8
deepgazeiie,Fractal,045,0.7,25,4
deepgazeiie,Fractal,047,0.7,25,4
deepgazeiie,Fractal,049,0.7,25,4
deepgazeiie,Fractal,051,0.7,25,8
deepgazeiie,Fractal,053,0.7,25,12
deepgazeiie,Fractal,055,0.7,25,4
deepgazeiie,Fractal,057,0.7,25,4
deepgazeiie,Fractal,059,0.7,25,4
deepgazeiie,Fractal,061,0.7,25,8
deepgazeiie,Fractal,063,0.7,25,4
deepgazeiie,Fractal,065,0.7,25,8
deepgazeiie,Fractal,067,0.7,25,8
deepgazeiie,Fractal,069,0.7,25,4
deepgazeiie,Indoor,001,0.7,25,32
deepgazeiie,Indoor,003,0.7,25,4
deepgazeiie,Indoor,005,0.7,25,4
deepgazeiie,Indoor,007,0.7,25,16
deepgazeiie,Indoor,009,0.7,25,8
deepgazeiie,Indoor,011,0.7,25,8
deepgazeiie,Indoor,013,0.7,25,8
deepgazeiie,Indoor,015,0.7,25,8
deepgazeiie,Indoor,017,0.7,25,8
deepgazeiie,Indoor,019,0.7,25,4
deepgazeiie,Indoor,021,0.7,25,16
deepgazeiie,Indoor,023,0.7,25,8
deepgazeiie,Indoor,025,0.7,25,4
deepgazeiie,Indoor,027,0.7,25,20
deepgazeiie,Indoor,029,0.7,25,4
deepgazeiie,Indoor,031,0.7,25,12
deepgazeiie,Indoor,033,0.7,25,4
deepgazeiie,Indoor,035,0.7,25,4
deepgazeiie,Indoor,037,0.7,25,4
deepgazeiie,Indoor,039,0.7,25,8
deepgazeiie,Indoor,041,0.7,25,4
deepgazeiie,Indoor,043,0.7,25,8
deepgazeiie,Indoor,045,0.7,25,8
deepgazeiie,Indoor,047,0.7,25,8
deepgazeiie,Indoor,049,0.7,25,4
deepgazeiie,Indoor,051,0.7,25,24
deepgazeiie,Indoor,053,0.7,25,4
deepgazeiie,Indoor,055,0.7,25,4
deepgazeiie,Indoor,057,0.7,25,4
deepgazeiie,Indoor,059,0.7,25,4
deepgazeiie,Indoor,061,0.7,25,4
deepgazeiie,Indoor,063,0.7,25,12
deepgazeiie,Indoor,065,0.7,25,4
deepgazeiie,Indoor,067,0.7,25,4
deepgazeiie,Indoor,069,0.7,25,12
deepgazeiie,Inverted,001,0.7,25,4
deepgazeiie,Inverted,003,0.7,25,8
deepgazeiie,Inverted,005,0.7,25,4
deepgazeiie,Inverted,007,0.7,25,4
deepgazeiie,Inverted,009,0.7,25,4
deepgazeiie,Inverted,011,0.7,25,4
deepgazeiie,Inverted,013,0.7,25,16
deepgazeiie,Inverted,015,0.7,25,4
deepgazeiie,Inverted,017,0.7,25,4
deepgazeiie,Inverted,019,0.7,25,4
deepgazeiie,Inverted,021,0.7,25,4
deepgazeiie,Inverted,023,0.7,25,8
deepgazeiie,Inverted,025,0.7,25,12
deepgazeiie,Inverted,027,0.7,25,16
deepgazeiie,Inverted,029,0.7,25,8
deepgazeiie,Inverted,031,0.7,25,8
deepgazeiie,Inverted,033,0.7,25,12
deepgazeiie,Inverted,035,0.7,25,24
deepgazeiie,Inverted,037,0.7,25,4
deepgazeiie,Inverted,039,0.7,25,8
deepgazeiie,Inverted,041,0.7,25,4
deepgazeiie,Inverted,043,0.7,25,4
deepgazeiie,Inverted,045,0.7,25,12
deepgazeiie,Inverted,047,0.7,25,4
deepgazeiie,Inverted,049,0.7,25,4
deepgazeiie,Inverted,051,0.7,25,4
deepgazeiie,Inverted,053,0.7,25,8
deepgazeiie,Inverted,055,0.7,25,4
deepgazeiie,Inverted,057,0.7,25,8
deepgazeiie,Inverted,059,0.7,25,12
deepgazeiie,Inverted,061,0.7,25,4
deepgazeiie,Inverted,063,0.7,25,24
deepgazeiie,Inverted,065,0.7,25,4
deepgazeiie,Inverted,067,0.7,25,4
deepgazeiie,Inverted,069,0.7,25,12
deepgazeiie,Jumbled,001,0.7,25,8
deepgazeiie,Jumbled,003,0.7,25,4
deepgazeiie,Jumbled,005,0.7,25,4
deepgazeiie,Jumbled,007,0.7,25,16
deepgazeiie,Jumbled,009,0.7,25,8
deepgazeiie,Jumbled,011,0.7,25,4
deepgazeiie,Jumbled,013,0.7,25,12
deepgazeiie,Jumbled,015,0.7,25,12
deepgazeiie,Jumbled,017,0.7,25,4
deepgazeiie,Jumbled,019,0.7,25,16
deepgazeiie,Jumbled,021,0.7,25,8
deepgazeiie,Jumbled,023,0.7,25,8
deepgazeiie,Jumbled,025,0.7,25,12
deepgazeiie,Jumbled,027,0.7,25,4
deepgazeiie,Jumbled,029,0.7,25,12
deepgazeiie,Jumbled,031,0.7,25,4
deepgazeiie,Jumbled,033,0.7,25,4
deepgazeiie,Jumbled,035,0.7,25,16
deepgazeiie,Jumbled,037,0.7,25,8
deepgazeiie,Jumbled,039,0.7,25,8
deepgazeiie,Jumbled,041,0.7,25,4
deepgazeiie,Jumbled,043,0.7,25,4
deepgazeiie,Jumbled,045,0.7,25,4
deepgazeiie,Jumbled,047,0.7,25,4
deepgazeiie,Jumbled,049,0.7,25,8
deepgazeiie,Jumbled,051,0.7,25,4
deepgazeiie,Jumbled,053,0.7,25,4
deepgazeiie,Jumbled,055,0.7,25,12
deepgazeiie,Jumbled,057,0.7,25,12
deepgazeiie,Jumbled,059,0.7,25,4
deepgazeiie,Jumbled,061,0.7,25,12
deepgazeiie,Jumbled,063,0.7,25,16
deepgazeiie,Jumbled,065,0.7,25,8
deepgazeiie,Jumbled,067,0.7,25,16
deepgazeiie,Jumbled,069,0.7,25,4
deepgazeiie,LineDrawing,001,0.7,25,8
deepgazeiie,LineDrawing,003,0.7,25,8
deepgazeiie,LineDrawing,005,0.7,25,4
deepgazeiie,LineDrawing,007,0.7,25,4
deepgazeiie,LineDrawing,009,0.7,25,8
deepgazeiie,LineDrawing,011,0.7,25,8
deepgazeiie,LineDrawing,013,0.7,25,8
deepgazeiie,LineDrawing,015,0.7,25,12
deepgazeiie,LineDrawing,017,0.7,25,12
deepgazeiie,LineDrawing,019,0.7,25,4
deepgazeiie,LineDrawing,021,0.7,25,8
deepgazeiie,LineDrawing,023,0.7,25,24
deepgazeiie,LineDrawing,025,0.7,25,4
deepgazeiie,LineDrawing,027,0.7,25,4
deepgazeiie,LineDrawing,029,0.7,25,4
deepgazeiie,LineDrawing,031,0.7,25,12
deepgazeiie,LineDrawing,033,0.7,25,12
deepgazeiie,LineDrawing,035,0.7,25,4
deepgazeiie,LineDrawing,037,0.7,25,8
deepgazeiie,LineDrawing,039,0.7,25,8
deepgazeiie,LineDrawing,041,0.7,25,16
deepgazeiie,LineDrawing,043,0.7,25,4
deepgazeiie,LineDrawing,045,0.7,25,4
deepgazeiie,LineDrawing,047,0.7,25,4
deepgazeiie,LineDrawing,049,0.7,25,8
deepgazeiie,LineDrawing,051,0.7,25,4
deepgazeiie,LineDrawing,053,0.7,25,4
deepgazeiie,LineDrawing,055,0.7,25,4
deepgazeiie,LineDrawing,057,0.7,25,4
deepgazeiie,LineDrawing,059,0.7,25,8
deepgazeiie,LineDrawing,061,0.7,25,8
deepgazeiie,LineDrawing,063,0.7,25,8
deepgazeiie,LineDrawing,065,0.7,25,8
deepgazeiie,LineDrawing,067,0.7,25,4
deepgazeiie,LineDrawing,069,0.7,25,12
deepgazeiie,LowResolution,001,0.7,25,4
deepgazeiie,LowResolution,003,0.7,25,4
deepgazeiie,LowResolution,005,0.7,25,12
deepgazeiie,LowResolution,007,0.7,25,4
deepgazeiie,LowResolution,009,0.7,25,8
deepgazeiie,LowResolution,011,0.7,25,4
deepgazeiie,LowResolution,013,0.7,25,12
deepgazeiie,LowResolution,015,0.7,25,12
deepgazeiie,LowResolution,017,0.7,25,4
deepgazeiie,LowResolution,019,0.7,25,8
deepgazeiie,LowResolution,021,0.7,25,8
deepgazeiie,LowResolution,023,0.7,25,4
deepgazeiie,LowResolution,025,0.7,25,16
deepgazeiie,LowResolution,027,0.7,25,8
deepgazeiie,LowResolution,029,0.7,25,12
deepgazeiie,LowResolution,031,0.7,25,8
deepgazeiie,LowResolution,033,0.7,25,16
deepgazeiie,LowResolution,035,0.7,25,4
deepgazeiie,LowResolution,037,0.7,25,4
deepgazeiie,LowResolution,039,0.7,25,8
deepgazeiie,LowResolution,041,0.7,25,4
deepgazeiie,LowResolution,043,0.7,25,4
deepgazeiie,LowResolution,045,0.7,25,8
deepgazeiie,LowResolution,047,0.7,25,4
deepgazeiie,LowResolution,049,0.7,25,4
deepgazeiie,LowResolution,051,0.7,25,4
deepgazeiie,LowResolution,053,0.7,25,4
deepgazeiie,LowResolution,055,0.7,25,4
deepgazeiie,LowResolution,057,0.7,25,4
deepgazeiie,LowResolution,059,0.7,25,4
deepgazeiie,LowResolution,061,0.7,25,4
deepgazeiie,LowResolution,063,0.7,25,4
deepgazeiie,LowResolution,065,0.7,25,4
deepgazeiie,LowResolution,067,0.7,25,4
deepgazeiie,LowResolution,069,0.7,25,8
deepgazeiie,Noisy,001,0.7,25,4
deepgazeiie,Noisy,003,0.7,25,8
deepgazeiie,Noisy,005,0.7,25,8
deepgazeiie,Noisy,007,0.7,25,12
deepgazeiie,Noisy,009,0.7,25,8
deepgazeiie,Noisy,011,0.7,25,12
deepgazeiie,Noisy,013,0.7,25,8
deepgazeiie,Noisy,015,0.7,25,4
deepgazeiie,Noisy,017,0.7,25,12
deepgazeiie,Noisy,019,0.7,25,8
deepgazeiie,Noisy,021,0.7,25,4
deepgazeiie,Noisy,023,0.7,25,4
deepgazeiie,Noisy,025,0.7,25,4
deepgazeiie,Noisy,027,0.7,25,8
deepgazeiie,Noisy,029,0.7,25,12
deepgazeiie,Noisy,031,0.7,25,4
deepgazeiie,Noisy,033,0.7,25,8
deepgazeiie,Noisy,035,0.7,25,4
deepgazeiie,Noisy,037,0.7,25,12
deepgazeiie,Noisy,039,0.7,25,4
deepgazeiie,Noisy,041,0.7,25,4
deepgazeiie,Noisy,043,0.7,25,12
deepgazeiie,Noisy,045,0.7,25,8
deepgazeiie,Noisy,047,0.7,25,4
deepgazeiie,Noisy,049,0.7,25,4
deepgazeiie,Noisy,051,0.7,25,12
deepgazeiie,Noisy,053,0.7,25,8
deepgazeiie,Noisy,055,0.7,25,4
deepgazeiie,Noisy,057,0.7,25,20
deepgazeiie,Noisy,059,0.7,25,4
deepgazeiie,Noisy,061,0.7,25,12
deepgazeiie,Noisy,063,0.7,25,8
deepgazeiie,Noisy,065,0.7,25,4
deepgazeiie,Noisy,067,0.7,25,16
deepgazeiie,Noisy,069,0.7,25,12
deepgazeiie,Object,001,0.7,25,8
deepgazeiie,Object,003,0.7,25,12
deepgazeiie,Object,005,0.7,25,4
deepgazeiie,Object,007,0.7,25,20
deepgazeiie,Object,009,0.7,25,8
deepgazeiie,Object,011,0.7,25,8
deepgazeiie,Object,013,0.7,25,8
deepgazeiie,Object,015,0.7,25,4
deepgazeiie,Object,017,0.7,25,4
deepgazeiie,Object,019,0.7,25,4
deepgazeiie,Object,021,0.7,25,12
deepgazeiie,Object,023,0.7,25,12
deepgazeiie,Object,025,0.7,25,8
deepgazeiie,Object,027,0.7,25,4
deepgazeiie,Object,029,0.7,25,4
deepgazeiie,Object,031,0.7,25,4
deepgazeiie,Object,033,0.7,25,4
deepgazeiie,Object,035,0.7,25,12
deepgazeiie,Object,037,0.7,25,4
deepgazeiie,Object,039,0.7,25,4
deepgazeiie,Object,041,0.7,25,4
deepgazeiie,Object,043,0.7,25,4
deepgazeiie,Object,045,0.7,25,4
deepgazeiie,Object,047,0.7,25,4
deepgazeiie,Object,049,0.7,25,4
deepgazeiie,Object,051,0.7,25,4
deepgazeiie,Object,053,0.7,25,4
deepgazeiie,Object,055,0.7,25,8
deepgazeiie,Object,057,0.7,25,4
deepgazeiie,Object,059,0.7,25,24
deepgazeiie,Object,061,0.7,25,4
deepgazeiie,Object,063,0.7,25,4
deepgazeiie,Object,065,0.7,25,4
deepgazeiie,Object,067,0.7,25,4
deepgazeiie,Object,069,0.7,25,20
deepgazeiie,OutdoorManMade,001,0.7,25,4
deepgazeiie,OutdoorManMade,003,0.7,25,4
deepgazeiie,OutdoorManMade,005,0.7,25,4
deepgazeiie,OutdoorManMade,007,0.7,25,8
deepgazeiie,OutdoorManMade,009,0.7,25,4
deepgazeiie,OutdoorManMade,011,0.7,25,4
deepgazeiie,OutdoorManMade,013,0.7,25,4
deepgazeiie,OutdoorManMade,015,0.7,25,4
deepgazeiie,OutdoorManMade,017,0.7,25,12
deepgazeiie,OutdoorManMade,019,0.7,25,4
deepgazeiie,OutdoorManMade,021,0.7,25,12
deepgazeiie,OutdoorManMade,023,0.7,25,8
deepgazeiie,OutdoorManMade,025,0.7,25,4
deepgazeiie,OutdoorManMade,027,0.7,25,12
deepgazeiie,OutdoorManMade,029,0.7,25,8
deepgazeiie,OutdoorManMade,031,0.7,25,4
deepgazeiie,OutdoorManMade,033,0.7,25,12
deepgazeiie,OutdoorManMade,035,0.7,25,16
deepgazeiie,OutdoorManMade,037,0.7,25,24
deepgazeiie,OutdoorManMade,039,0.7,25,8
deepgazeiie,OutdoorManMade,041,0.7,25,4
deepgazeiie,OutdoorManMade,043,0.7,25,8
deepgazeiie,OutdoorManMade,045,0.7,25,8
deepgazeiie,OutdoorManMade,047,0.7,25,4
deepgazeiie,OutdoorManMade,049,0.7,25,4
deepgazeiie,OutdoorManMade,051,0.7,25,8
deepgazeiie,OutdoorManMade,053,0.7,25,4
deepgazeiie,OutdoorManMade,055,0.7,25,4
deepgazeiie,OutdoorManMade,057,0.7,25,4
deepgazeiie,OutdoorManMade,059,0.7,25,12
deepgazeiie,OutdoorManMade,061,0.7,25,8
deepgazeiie,OutdoorManMade,063,0.7,25,4
deepgazeiie,OutdoorManMade,065,0.7,25,8
deepgazeiie,OutdoorManMade,067,0.7,25,4
deepgazeiie,OutdoorManMade,069,0.7,25,8
deepgazeiie,OutdoorNatural,001,0.7,25,8
deepgazeiie,OutdoorNatural,003,0.7,25,4
deepgazeiie,OutdoorNatural,005,0.7,25,8
deepgazeiie,OutdoorNatural,007,0.7,25,4
deepgazeiie,OutdoorNatural,009,0.7,25,16
deepgazeiie,OutdoorNatural,011,0.7,25,16
deepgazeiie,OutdoorNatural,013,0.7,25,4
deepgazeiie,OutdoorNatural,015,0.7,25,8
deepgazeiie,OutdoorNatural,017,0.7,25,4
deepgazeiie,OutdoorNatural,019,0.7,25,8
deepgazeiie,OutdoorNatural,021,0.7,25,12
deepgazeiie,OutdoorNatural,023,0.7,25,8
deepgazeiie,OutdoorNatural,025,0.7,25,4
deepgazeiie,OutdoorNatural,027,0.7,25,4
deepgazeiie,OutdoorNatural,029,0.7,25,4
deepgazeiie,OutdoorNatural,031,0.7,25,8
deepgazeiie,OutdoorNatural,033,0.7,25,4
deepgazeiie,OutdoorNatural,035,0.7,25,20
deepgazeiie,OutdoorNatural,037,0.7,25,8
deepgazeiie,OutdoorNatural,039,0.7,25,8
deepgazeiie,OutdoorNatural,041,0.7,25,32
deepgazeiie,OutdoorNatural,043,0.7,25,20
deepgazeiie,OutdoorNatural,045,0.7,25,8
deepgazeiie,OutdoorNatural,047,0.7,25,4
deepgazeiie,OutdoorNatural,049,0.7,25,8
deepgazeiie,OutdoorNatural,051,0.7,25,20
deepgazeiie,OutdoorNatural,053,0.7,25,4
deepgazeiie,OutdoorNatural,055,0.7,25,8
deepgazeiie,OutdoorNatural,057,0.7,25,4
deepgazeiie,OutdoorNatural,059,0.7,25,4
deepgazeiie,OutdoorNatural,061,0.7,25,4
deepgazeiie,OutdoorNatural,063,0.7,25,24
deepgazeiie,OutdoorNatural,065,0.7,25,12
deepgazeiie,OutdoorNatural,067,0.7,25,4
deepgazeiie,OutdoorNatural,069,0.7,25,4
deepgazeiie,Pattern,001,0.7,25,4
deepgazeiie,Pattern,003,0.7,25,16
deepgazeiie,Pattern,005,0.7,25,24
deepgazeiie,Pattern,007,0.7,25,8
deepgazeiie,Pattern,009,0.7,25,36
deepgazeiie,Pattern,011,0.7,25,16
deepgazeiie,Pattern,013,0.7,25,4
deepgazeiie,Pattern,015,0.7,25,4
deepgazeiie,Pattern,017,0.7,25,8
deepgazeiie,Pattern,019,0.7,25,20
deepgazeiie,Pattern,021,0.7,25,4
deepgazeiie,Pattern,023,0.7,25,52
deepgazeiie,Pattern,025,0.7,25,4
deepgazeiie,Pattern,027,0.7,25,8
deepgazeiie,Pattern,029,0.7,25,8
deepgazeiie,Pattern,031,0.7,25,4
deepgazeiie,Pattern,033,0.7,25,8
deepgazeiie,Pattern,035,0.7,25,4
deepgazeiie,Pattern,037,0.7,25,36
deepgazeiie,Pattern,039,0.7,25,16
deepgazeiie,Pattern,041,0.7,25,4
deepgazeiie,Pattern,043,0.7,25,8
deepgazeiie,Pattern,045,0.7,25,8
deepgazeiie,Pattern,047,0.7,25,12
deepgazeiie,Pattern,049,0.7,25,16
deepgazeiie,Pattern,051,0.7,25,8
deepgazeiie,Pattern,053,0.7,25,4
deepgazeiie,Pattern,055,0.7,25,16
deepgazeiie,Pattern,057,0.7,25,4
deepgazeiie,Pattern,059,0.7,25,12
deepgazeiie,Pattern,061,0.7,25,8
deepgazeiie,Pattern,063,0.7,25,4
deepgazeiie,Pattern,065,0.7,25,4
deepgazeiie,Pattern,067,0.7,25,4
deepgazeiie,Pattern,069,0.7,25,8
deepgazeiie,Random,001,0.7,25,12
deepgazeiie,Random,003,0.7,25,4
deepgazeiie,Random,005,0.7,25,32
deepgazeiie,Random,007,0.7,25,8
deepgazeiie,Random,009,0.7,25,16
deepgazeiie,Random,011,0.7,25,4
deepgazeiie,Random,013,0.7,25,4
deepgazeiie,Random,015,0.7,25,4
deepgazeiie,Random,017,0.7,25,4
deepgazeiie,Random,019,0.7,25,4
deepgazeiie,Random,021,0.7,25,4
deepgazeiie,Random,023,0.7,25,4
deepgazeiie,Random,025,0.7,25,4
deepgazeiie,Random,027,0.7,25,8
deepgazeiie,Random,029,0.7,25,4
deepgazeiie,Random,031,0.7,25,4
deepgazeiie,Random,033,0.7,25,12
deepgazeiie,Random,035,0.7,25,4
deepgazeiie,Random,037,0.7,25,4
deepgazeiie,Random,039,0.7,25,4
deepgazeiie,Random,041,0.7,25,8
deepgazeiie,Random,043,0.7,25,16
deepgazeiie,Random,045,0.7,25,4
deepgazeiie,Random,047,0.7,25,8
deepgazeiie,Random,049,0.7,25,4
deepgazeiie,Random,051,0.7,25,8
deepgazeiie,Random,053,0.7,25,12
deepgazeiie,Random,055,0.7,25,4
deepgazeiie,Random,057,0.7,25,4
deepgazeiie,Random,059,0.7,25,4
deepgazeiie,Random,061,0.7,25,20
deepgazeiie,Random,063,0.7,25,4
deepgazeiie,Random,065,0.7,25,20
deepgazeiie,Random,067,0.7,25,8
deepgazeiie,Random,069,0.7,25,4
deepgazeiie,Satelite,001,0.7,25,4
deepgazeiie,Satelite,003,0.7,25,8
deepgazeiie,Satelite,005,0.7,25,16
deepgazeiie,Satelite,007,0.7,25,4
deepgazeiie,Satelite,009,0.7,25,16
deepgazeiie,Satelite,011,0.7,25,4
deepgazeiie,Satelite,013,0.7,25,8
deepgazeiie,Satelite,015,0.7,25,24
deepgazeiie,Satelite,017,0.7,25,16
deepgazeiie,Satelite,019,0.7,25,4
deepgazeiie,Satelite,021,0.7,25,8
deepgazeiie,Satelite,023,0.7,25,28
deepgazeiie,Satelite,025,0.7,25,4
deepgazeiie,Satelite,027,0.7,25,4
deepgazeiie,Satelite,029,0.7,25,4
deepgazeiie,Satelite,031,0.7,25,8
deepgazeiie,Satelite,033,0.7,25,4
deepgazeiie,Satelite,035,0.7,25,16
deepgazeiie,Satelite,037,0.7,25,4
deepgazeiie,Satelite,039,0.7,25,8
deepgazeiie,Satelite,041,0.7,25,12
deepgazeiie,Satelite,043,0.7,25,16
deepgazeiie,Satelite,045,0.7,25,8
deepgazeiie,Satelite,047,0.7,25,4
deepgazeiie,Satelite,049,0.7,25,4
deepgazeiie,Satelite,051,0.7,25,28
deepgazeiie,Satelite,053,0.7,25,8
deepgazeiie,Satelite,055,0.7,25,8
deepgazeiie,Satelite,057,0.7,25,16
deepgazeiie,Satelite,059,0.7,25,8
deepgazeiie,Satelite,061,0.7,25,16
deepgazeiie,Satelite,063,0.7,25,4
deepgazeiie,Satelite,065,0.7,25,8
deepgazeiie,Satelite,067,0.7,25,4
deepgazeiie,Satelite,069,0.7,25,4
deepgazeiie,Sketch,001,0.7,25,8
deepgazeiie,Sketch,003,0.7,25,12
deepgazeiie,Sketch,005,0.7,25,8
deepgazeiie,Sketch,007,0.7,25,4
deepgazeiie,Sketch,009,0.7,25,4
deepgazeiie,Sketch,011,0.7,25,4
deepgazeiie,Sketch,013,0.7,25,4
deepgazeiie,Sketch,015,0.7,25,4
deepgazeiie,Sketch,017,0.7,25,8
deepgazeiie,Sketch,019,0.7,25,4
deepgazeiie,Sketch,021,0.7,25,8
deepgazeiie,Sketch,023,0.7,25,4
deepgazeiie,Sketch,025,0.7,25,16
deepgazeiie,Sketch,027,0.7,25,8
deepgazeiie,Sketch,029,0.7,25,4
deepgazeiie,Sketch,031,0.7,25,8
deepgazeiie,Sketch,033,0.7,25,20
deepgazeiie,Sketch,035,0.7,25,4
deepgazeiie,Sketch,037,0.7,25,12
deepgazeiie,Sketch,039,0.7,25,4
deepgazeiie,Sketch,041,0.7,25,4
deepgazeiie,Sketch,043,0.7,25,4
deepgazeiie,Sketch,045,0.7,25,4
deepgazeiie,Sketch,047,0.7,25,4
deepgazeiie,Sketch,049,0.7,25,8
deepgazeiie,Sketch,051,0.7,25,4
deepgazeiie,Sketch,053,0.7,25,4
deepgazeiie,Sketch,055,0.7,25,8
deepgazeiie,Sketch,057,0.7,25,12
deepgazeiie,Sketch,059,0.7,25,4
deepgazeiie,Sketch,061,0.7,25,4
deepgazeiie,Sketch,063,0.7,25,8
deepgazeiie,Sketch,065,0.7,25,8
deepgazeiie,Sketch,067,0.7,25,4
deepgazeiie,Sketch,069,0.7,25,8
deepgazeiie,Social,001,0.7,25,12
deepgazeiie,Social,003,0.7,25,4
deepgazeiie,Social,005,0.7,25,4
deepgazeiie,Social,007,0.7,25,8
deepgazeiie,Social,009,0.7,25,12
deepgazeiie,Social,011,0.7,25,12
deepgazeiie,Social,013,0.7,25,4
deepgazeiie,Social,015,0.7,25,4
deepgazeiie,Social,017,0.7,25,4
deepgazeiie,Social,019,0.7,25,4
deepgazeiie,Social,021,0.7,25,4
deepgazeiie,Social,023,0.7,25,4
deepgazeiie,Social,025,0.7,25,4
deepgazeiie,Social,027,0.7,25,4
deepgazeiie,Social,029,0.7,25,4
deepgazeiie,Social,031,0.7,25,8
deepgazeiie,Social,033,0.7,25,8
deepgazeiie,Social,035,0.7,25,4
deepgazeiie,Social,037,0.7,25,4
deepgazeiie,Social,039,0.7,25,16
deepgazeiie,Social,041,0.7,25,4
deepgazeiie,Social,043,0.7,25,8
deepgazeiie,Social,045,0.7,25,8
deepgazeiie,Social,047,0.7,25,4
deepgazeiie,Social,049,0.7,25,12
deepgazeiie,Social,051,0.7,25,8
deepgazeiie,Social,053,0.7,25,8
deepgazeiie,Social,055,0.7,25,4
deepgazeiie,Social,057,0.7,25,8
deepgazeiie,Social,059,0.7,25,4
deepgazeiie,Social,061,0.7,25,4
deepgazeiie,Social,063,0.7,25,28
deepgazeiie,Social,065,0.7,25,8
deepgazeiie,Social,067,0.7,25,4
deepgazeiie,Social,069,0.7,25,4
samresnet,Action,001,0.7,25,59
samresnet,Action,003,0.7,25,3
samresnet,Action,005,0.7,25,1
samresnet,Action,007,0.7,25,3
samresnet,Action,009,0.7,25,78
samresnet,Action,011,0.7,25,24
samresnet,Action,013,0.7,25,1
samresnet,Action,015,0.7,25,53
samresnet,Action,017,0.7,25,78
samresnet,Action,019,0.7,25,57
samresnet,Action,021,0.7,25,447
samresnet,Action,023,0.7,25,63
samresnet,Action,025,0.7,25,72
samresnet,Action,027,0.7,25,24
samresnet,Action,029,0.7,25,67
samresnet,Action,031,0.7,25,3
samresnet,Action,033,0.7,25,40
samresnet,Action,035,0.7,25,1
samresnet,Action,037,0.7,25,104
samresnet,Action,039,0.7,25,85
samresnet,Action,041,0.7,25,1
samresnet,Action,043,0.7,25,57
samresnet,Action,045,0.7,25,5
samresnet,Action,047,0.7,25,28
samresnet,Action,049,0.7,25,29
samresnet,Action,051,0.7,25,131
samresnet,Action,053,0.7,25,32
samresnet,Action,055,0.7,25,162
samresnet,Action,057,0.7,25,410
samresnet,Action,059,0.7,25,54
samresnet,Action,061,0.7,25,62
samresnet,Action,063,0.7,25,61
samresnet,Action,065,0.7,25,1
samresnet,Action,067,0.7,25,3
samresnet,Action,069,0.7,25,57
samresnet,Action,071,0.7,25,39
samresnet,Action,073,0.7,25,4
samresnet,Action,075,0.7,25,3
samresnet,Action,077,0.7,25,94
samresnet,Action,079,0.7,25,103
samresnet,Action,081,0.7,25,91
samresnet,Action,083,0.7,25,1
samresnet,Action,085,0.7,25,92
samresnet,Action,087,0.7,25,1
samresnet,Action,089,0.7,25,2
samresnet,Action,091,0.7,25,35
samresnet,Action,093,0.7,25,55
samresnet,Action,095,0.7,25,38
samresnet,Action,097,0.7,25,37
samresnet,Action,099,0.7,25,3
samresnet,Action,101,0.7,25,3
samresnet,Action,103,0.7,25,46
samresnet,Action,105,0.7,25,79
samresnet,Action,107,0.7,25,54
samresnet,Action,109,0.7,25,2
samresnet,Action,111,0.7,25,44
samresnet,Action,113,0.7,25,20
samresnet,Action,115,0.7,25,149
samresnet,Action,117,0.7,25,46
samresnet,Action,119,0.7,25,1
samresnet,Action,121,0.7,25,1
samresnet,Action,123,0.7,25,122
samresnet,Action,125,0.7,25,1
samresnet,Action,127,0.7,25,32
samresnet,Action,129,0.7,25,39
samresnet,Action,131,0.7,25,96
samresnet,Action,133,0.7,25,57
samresnet,Action,135,0.7,25,118
samresnet,Action,137,0.7,25,274
samresnet,Action,139,0.7,25,2
samresnet,Action,141,0.7,25,36
samresnet,Action,143,0.7,25,23
samresnet,Action,145,0.7,25,3
samresnet,Action,147,0.7,25,99
samresnet,Action,149,0.7,25,2
samresnet,Action,151,0.7,25,64
samresnet,Action,153,0.7,25,2
samresnet,Action,155,0.7,25,60
samresnet,Action,157,0.7,25,2
samresnet,Action,159,0.7,25,2
samresnet,Action,161,0.7,25,5
samresnet,Action,163,0.7,25,2
samresnet,Action,165,0.7,25,2
samresnet,Action,167,0.7,25,1
samresnet,Action,169,0.7,25,2
samresnet,Action,171,0.7,25,74
samresnet,Action,173,0.7,25,71
samresnet,Action,175,0.7,25,72
samresnet,Action,177,0.7,25,2
samresnet,Action,179,0.7,25,74
samresnet,Action,181,0.7,25,38
samresnet,Action,183,0.7,25,47
samresnet,Action,185,0.7,25,1
samresnet,Action,187,0.7,25,43
samresnet,Action,189,0.7,25,56
samresnet,Action,191,0.7,25,2
samresnet,Action,193,0.7,25,33
samresnet,Action,195,0.7,25,8
samresnet,Action,197,0.7,25,2
samresnet,Action,199,0.7,25,76
samresnet,Affective,001,0.7,25,1
samresnet,Affective,003,0.7,25,48
samresnet,Affective,005,0.7,25,1
samresnet,Affective,007,0.7,25,74
samresnet,Affective,009,0.7,25,76
samresnet,Affective,011,0.7,25,125
samresnet,Affective,013,0.7,25,23
samresnet,Affective,015,0.7,25,3
samresnet,Affective,017,0.7,25,26
samresnet,Affective,019,0.7,25,38
samresnet,Affective,021,0.7,25,131
samresnet,Affective,023,0.7,25,6
samresnet,Affective,025,0.7,25,81
samresnet,Affective,027,0.7,25,6
samresnet,Affective,029,0.7,25,1
samresnet,Affective,031,0.7,25,83
samresnet,Affective,033,0.7,25,123
samresnet,Affective,035,0.7,25,2
samresnet,Affective,037,0.7,25,38
samresnet,Affective,039,0.7,25,1
samresnet,Affective,041,0.7,25,1
samresnet,Affective,043,0.7,25,30
samresnet,Affective,045,0.7,25,48
samresnet,Affective,047,0.7,25,98
samresnet,Affective,049,0.7,25,25
samresnet,Affective,051,0.7,25,65
samresnet,Affective,053,0.7,25,2
samresnet,Affective,055,0.7,25,36
samresnet,Affective,057,0.7,25,2
samresnet,Affective,059,0.7,25,1
samresnet,Affective,061,0.7,25,52
samresnet,Affective,063,0.7,25,1
samresnet,Affective,065,0.7,25,57
samresnet,Affective,067,0.7,25,55
samresnet,Affective,069,0.7,25,142
samresnet,Affective,071,0.7,25,79
samresnet,Affective,073,0.7,25,34
samresnet,Affective,075,0.7,25,67
samresnet,Affective,077,0.7,25,23
samresnet,Affective,079,0.7,25,75
samresnet,Affective,081,0.7,25,66
samresnet,Affective,083,0.7,25,31
samresnet,Affective,085,0.7,25,1
samresnet,Affective,087,0.7,25,35
samresnet,Affective,089,0.7,25,1
samresnet,Affective,091,0.7,25,1
samresnet,Affective,093,0.7,25,130
samresnet,Affective,095,0.7,25,48
samresnet,Affective,097,0.7,25,39
samresnet,Affective,099,0.7,25,83
samresnet,Affective,101,0.7,25,75
samresnet,Affective,103,0.7,25,67
samresnet,Affective,105,0.7,25,198
samresnet,Affective,107,0.7,25,34
samresnet,Affective,109,0.7,25,55
samresnet,Affective,111,0.7,25,329
samresnet,Affective,113,0.7,25,1
samresnet,Affective,115,0.7,25,67
samresnet,Affective,117,0.7,25,25
samresnet,Affective,119,0.7,25,279
samresnet,Affective,121,0.7,25,28
samresnet,Affective,123,0.7,25,28
samresnet,Affective,125,0.7,25,40
samresnet,Affective,127,0.7,25,3
samresnet,Affective,129,0.7,25,71
samresnet,Affective,131,0.7,25,69
samresnet,Affective,133,0.7,25,2
samresnet,Affective,135,0.7,25,2
samresnet,Affective,137,0.7,25,210
samresnet,Affective,139,0.7,25,126
samresnet,Affective,141,0.7,25,35
samresnet,Affective,143,0.7,25,72
samresnet,Affective,145,0.7,25,1
samresnet,Affective,147,0.7,25,29
samresnet,Affective,149,0.7,25,55
samresnet,Affective,151,0.7,25,70
samresnet,Affective,153,0.7,25,80
samresnet,Affective,155,0.7,25,33
samresnet,Affective,157,0.7,25,53
samresnet,Affective,159,0.7,25,79
samresnet,Affective,161,0.7,25,1
samresnet,Affective,163,0.7,25,2
samresnet,Affective,165,0.7,25,62
samresnet,Affective,167,0.7,25,3
samresnet,Affective,169,0.7,25,34
samresnet,Affective,171,0.7,25,43
samresnet,Affective,173,0.7,25,87
samresnet,Affective,175,0.7,25,1
samresnet,Affective,177,0.7,25,34
samresnet,Affective,179,0.7,25,1
samresnet,Affective,181,0.7,25,4
samresnet,Affective,183,0.7,25,48
samresnet,Affective,185,0.7,25,24
samresnet,Affective,187,0.7,25,136
samresnet,Affective,189,0.7,25,104
samresnet,Affective,191,0.7,25,58
samresnet,Affective,193,0.7,25,1
samresnet,Affective,195,0.7,25,57
samresnet,Affective,197,0.7,25,172
samresnet,Affective,199,0.7,25,47
samresnet,Art,001,0.7,25,2
samresnet,Art,003,0.7,25,125
samresnet,Art,005,0.7,25,154
samresnet,Art,007,0.7,25,106
samresnet,Art,009,0.7,25,150
samresnet,Art,011,0.7,25,229
samresnet,Art,013,0.7,25,78
samresnet,Art,015,0.7,25,90
samresnet,Art,017,0.7,25,1
samresnet,Art,019,0.7,25,2
samresnet,Art,021,0.7,25,2
samresnet,Art,023,0.7,25,27
samresnet,Art,025,0.7,25,62
samresnet,Art,027,0.7,25,125
samresnet,Art,029,0.7,25,92
samresnet,Art,031,0.7,25,159
samresnet,Art,033,0.7,25,3
samresnet,Art,035,0.7,25,122
samresnet,Art,037,0.7,25,72
samresnet,Art,039,0.7,25,123
samresnet,Art,041,0.7,25,3
samresnet,Art,043,0.7,25,53
samresnet,Art,045,0.7,25,241
samresnet,Art,047,0.7,25,3
samresnet,Art,049,0.7,25,50
samresnet,Art,051,0.7,25,53
samresnet,Art,053,0.7,25,1
samresnet,Art,055,0.7,25,3
samresnet,Art,057,0.7,25,64
samresnet,Art,059,0.7,25,1
samresnet,Art,061,0.7,25,4
samresnet,Art,063,0.7,25,41
samresnet,Art,065,0.7,25,81
samresnet,Art,067,0.7,25,83
samresnet,Art,069,0.7,25,2
samresnet,Art,071,0.7,25,59
samresnet,Art,073,0.7,25,1
samresnet,Art,075,0.7,25,3
samresnet,Art,077,0.7,25,1
samresnet,Art,079,0.7,25,105
samresnet,Art,081,0.7,25,1
samresnet,Art,083,0.7,25,1
samresnet,Art,085,0.7,25,144
samresnet,Art,087,0.7,25,3
samresnet,Art,089,0.7,25,172
samresnet,Art,091,0.7,25,1
samresnet,Art,093,0.7,25,1
samresnet,Art,095,0.7,25,54
samresnet,Art,097,0.7,25,198
samresnet,Art,099,0.7,25,89
samresnet,Art,101,0.7,25,55
samresnet,Art,103,0.7,25,1
samresnet,Art,105,0.7,25,204
samresnet,Art,107,0.7,25,105
samresnet,Art,109,0.7,25,59
samresnet,Art,111,0.7,25,317
samresnet,Art,113,0.7,25,66
samresnet,Art,115,0.7,25,105
samresnet,Art,117,0.7,25,284
samresnet,Art,119,0.7,25,7
samresnet,Art,121,0.7,25,78
samresnet,Art,123,0.7,25,55
samresnet,Art,125,0.7,25,52
samresnet,Art,127,0.7,25,2
samresnet,Art,129,0.7,25,46
samresnet,Art,131,0.7,25,1
samresnet,Art,133,0.7,25,99
samresnet,Art,135,0.7,25,4
samresnet,Art,137,0.7,25,70
samresnet,Art,139,0.7,25,2
samresnet,Art,141,0.7,25,2
samresnet,Art,143,0.7,25,83
samresnet,Art,145,0.7,25,1
samresnet,Art,147,0.7,25,99
samresnet,Art,149,0.7,25,61
samresnet,Art,151,0.7,25,150
samresnet,Art,153,0.7,25,80
samresnet,Art,155,0.7,25,109
samresnet,Art,157,0.7,25,101
samresnet,Art,159,0.7,25,135
samresnet,Art,161,0.7,25,63
samresnet,Art,163,0.7,25,4
samresnet,Art,165,0.7,25,2
samresnet,Art,167,0.7,25,232
samresnet,Art,169,0.7,25,73
samresnet,Art,171,0.7,25,44
samresnet,Art,173,0.7,25,73
samresnet,Art,175,0.7,25,3
samresnet,Art,177,0.7,25,123
samresnet,Art,179,0.7,25,77
samresnet,Art,181,0.7,25,122
samresnet,Art,183,0.7,25,95
samresnet,Art,185,0.7,25,62
samresnet,Art,187,0.7,25,67
samresnet,Art,189,0.7,25,34
samresnet,Art,191,0.7,25,246
samresnet,Art,193,0.7,25,3
samresnet,Art,195,0.7,25,2
samresnet,Art,197,0.7,25,65
samresnet,Art,199,0.7,25,44
samresnet,BlackWhite,001,0.7,25,121
samresnet,BlackWhite,003,0.7,25,96
samresnet,BlackWhite,005,0.7,25,123
samresnet,BlackWhite,007,0.7,25,58
samresnet,BlackWhite,009,0.7,25,4
samresnet,BlackWhite,011,0.7,25,77
samresnet,BlackWhite,013,0.7,25,4
samresnet,BlackWhite,015,0.7,25,64
samresnet,BlackWhite,017,0.7,25,51
samresnet,BlackWhite,019,0.7,25,2
samresnet,BlackWhite,021,0.7,25,2
samresnet,BlackWhite,023,0.7,25,60
samresnet,BlackWhite,025,0.7,25,1
samresnet,BlackWhite,027,0.7,25,43
samresnet,BlackWhite,029,0.7,25,164
samresnet,BlackWhite,031,0.7,25,1
samresnet,BlackWhite,033,0.7,25,205
samresnet,BlackWhite,035,0.7,25,4
samresnet,BlackWhite,037,0.7,25,70
samresnet,BlackWhite,039,0.7,25,3
samresnet,BlackWhite,041,0.7,25,1
samresnet,BlackWhite,043,0.7,25,48
samresnet,BlackWhite,045,0.7,25,1
samresnet,BlackWhite,047,0.7,25,87
samresnet,BlackWhite,049,0.7,25,1
samresnet,BlackWhite,051,0.7,25,1
samresnet,BlackWhite,053,0.7,25,91
samresnet,BlackWhite,055,0.7,25,36
samresnet,BlackWhite,057,0.7,25,1
samresnet,BlackWhite,059,0.7,25,76
samresnet,BlackWhite,061,0.7,25,60
samresnet,BlackWhite,063,0.7,25,132
samresnet,BlackWhite,065,0.7,25,34
samresnet,BlackWhite,067,0.7,25,266
samresnet,BlackWhite,069,0.7,25,3
samresnet,BlackWhite,071,0.7,25,2
samresnet,BlackWhite,073,0.7,25,2
samresnet,BlackWhite,075,0.7,25,2
samresnet,BlackWhite,077,0.7,25,55
samresnet,BlackWhite,079,0.7,25,64
samresnet,BlackWhite,081,0.7,25,59
samresnet,BlackWhite,083,0.7,25,45
samresnet,BlackWhite,085,0.7,25,2
samresnet,BlackWhite,087,0.7,25,83
samresnet,BlackWhite,089,0.7,25,1
samresnet,BlackWhite,091,0.7,25,59
samresnet,BlackWhite,093,0.7,25,38
samresnet,BlackWhite,095,0.7,25,1
samresnet,BlackWhite,097,0.7,25,67
samresnet,BlackWhite,099,0.7,25,2
samresnet,BlackWhite,101,0.7,25,35
samresnet,BlackWhite,103,0.7,25,94
samresnet,BlackWhite,105,0.7,25,150
samresnet,BlackWhite,107,0.7,25,96
samresnet,BlackWhite,109,0.7,25,65
samresnet,BlackWhite,111,0.7,25,54
samresnet,BlackWhite,113,0.7,25,95
samresnet,BlackWhite,115,0.7,25,4
samresnet,BlackWhite,117,0.7,25,55
samresnet,BlackWhite,119,0.7,25,62
samresnet,BlackWhite,121,0.7,25,2
samresnet,BlackWhite,123,0.7,25,319
samresnet,BlackWhite,125,0.7,25,60
samresnet,BlackWhite,127,0.7,25,75
samresnet,BlackWhite,129,0.7,25,2
samresnet,BlackWhite,131,0.7,25,79
samresnet,BlackWhite,133,0.7,25,81
samresnet,BlackWhite,135,0.7,25,73
samresnet,BlackWhite,137,0.7,25,1
samresnet,BlackWhite,139,0.7,25,249
samresnet,BlackWhite,141,0.7,25,213
samresnet,BlackWhite,143,0.7,25,137
samresnet,BlackWhite,145,0.7,25,142
samresnet,BlackWhite,147,0.7,25,94
samresnet,BlackWhite,149,0.7,25,1
samresnet,BlackWhite,151,0.7,25,59
samresnet,BlackWhite,153,0.7,25,114
samresnet,BlackWhite,155,0.7,25,58
samresnet,BlackWhite,157,0.7,25,86
samresnet,BlackWhite,159,0.7,25,96
samresnet,BlackWhite,161,0.7,25,165
samresnet,BlackWhite,163,0.7,25,51
samresnet,BlackWhite,165,0.7,25,1
samresnet,BlackWhite,167,0.7,25,71
samresnet,BlackWhite,169,0.7,25,69
samresnet,BlackWhite,171,0.7,25,164
samresnet,BlackWhite,173,0.7,25,61
samresnet,BlackWhite,175,0.7,25,61
samresnet,BlackWhite,177,0.7,25,65
samresnet,BlackWhite,179,0.7,25,90
samresnet,BlackWhite,181,0.7,25,62
samresnet,BlackWhite,183,0.7,25,1
samresnet,BlackWhite,185,0.7,25,1
samresnet,BlackWhite,187,0.7,25,2
samresnet,BlackWhite,189,0.7,25,122
samresnet,BlackWhite,191,0.7,25,69
samresnet,BlackWhite,193,0.7,25,81
samresnet,BlackWhite,195,0.7,25,1
samresnet,BlackWhite,197,0.7,25,45
samresnet,BlackWhite,199,0.7,25,1
samresnet,Cartoon,001,0.7,25,1
samresnet,Cartoon,003,0.7,25,65
samresnet,Cartoon,005,0.7,25,141
samresnet,Cartoon,007,0.7,25,492
samresnet,Cartoon,009,0.7,25,223
samresnet,Cartoon,011,0.7,25,77
samresnet,Cartoon,013,0.7,25,1
samresnet,Cartoon,015,0.7,25,124
samresnet,Cartoon,017,0.7,25,43
samresnet,Cartoon,019,0.7,25,109
samresnet,Cartoon,021,0.7,25,67
samresnet,Cartoon,023,0.7,25,1
samresnet,Cartoon,025,0.7,25,1
samresnet,Cartoon,027,0.7,25,65
samresnet,Cartoon,029,0.7,25,101
samresnet,Cartoon,031,0.7,25,75
samresnet,Cartoon,033,0.7,25,107
samresnet,Cartoon,035,0.7,25,58
samresnet,Cartoon,037,0.7,25,20
samresnet,Cartoon,039,0.7,25,287
samresnet,Cartoon,041,0.7,25,4
samresnet,Cartoon,043,0.7,25,67
samresnet,Cartoon,045,0.7,25,81
samresnet,Cartoon,047,0.7,25,2
samresnet,Cartoon,049,0.7,25,1
samresnet,Cartoon,051,0.7,25,97
samresnet,Cartoon,053,0.7,25,207
samresnet,Cartoon,055,0.7,25,4
samresnet,Cartoon,057,0.7,25,1
samresnet,Cartoon,059,0.7,25,66
samresnet,Cartoon,061,0.7,25,72
samresnet,Cartoon,063,0.7,25,1
samresnet,Cartoon,065,0.7,25,37
samresnet,Cartoon,067,0.7,25,87
samresnet,Cartoon,069,0.7,25,64
samresnet,Cartoon,071,0.7,25,5
samresnet,Cartoon,073,0.7,25,3
samresnet,Cartoon,075,0.7,25,2
samresnet,Cartoon,077,0.7,25,243
samresnet,Cartoon,079,0.7,25,100
samresnet,Cartoon,081,0.7,25,42
samresnet,Cartoon,083,0.7,25,227
samresnet,Cartoon,085,0.7,25,121
samresnet,Cartoon,087,0.7,25,57
samresnet,Cartoon,089,0.7,25,102
samresnet,Cartoon,091,0.7,25,35
samresnet,Cartoon,093,0.7,25,96
samresnet,Cartoon,095,0.7,25,131
samresnet,Cartoon,097,0.7,25,53
samresnet,Cartoon,099,0.7,25,1
samresnet,Cartoon,101,0.7,25,51
samresnet,Cartoon,103,0.7,25,43
samresnet,Cartoon,105,0.7,25,50
samresnet,Cartoon,107,0.7,25,293
samresnet,Cartoon,109,0.7,25,60
samresnet,Cartoon,111,0.7,25,72
samresnet,Cartoon,113,0.7,25,64
samresnet,Cartoon,115,0.7,25,87
samresnet,Cartoon,117,0.7,25,151
samresnet,Cartoon,119,0.7,25,71
samresnet,Cartoon,121,0.7,25,79
samresnet,Cartoon,123,0.7,25,104
samresnet,Cartoon,125,0.7,25,1
samresnet,Cartoon,127,0.7,25,135
samresnet,Cartoon,129,0.7,25,103
samresnet,Cartoon,131,0.7,25,2
samresnet,Cartoon,133,0.7,25,53
samresnet,Cartoon,135,0.7,25,99
samresnet,Cartoon,137,0.7,25,2
samresnet,Cartoon,139,0.7,25,88
samresnet,Cartoon,141,0.7,25,43
samresnet,Cartoon,143,0.7,25,226
samresnet,Cartoon,145,0.7,25,175
samresnet,Cartoon,147,0.7,25,119
samresnet,Cartoon,149,0.7,25,59
samresnet,Cartoon,151,0.7,25,66
samresnet,Cartoon,153,0.7,25,1
samresnet,Cartoon,155,0.7,25,2
samresnet,Cartoon,157,0.7,25,1
samresnet,Cartoon,159,0.7,25,52
samresnet,Cartoon,161,0.7,25,61
samresnet,Cartoon,163,0.7,25,60
samresnet,Cartoon,165,0.7,25,110
samresnet,Cartoon,167,0.7,25,99
samresnet,Cartoon,169,0.7,25,21
samresnet,Cartoon,171,0.7,25,4
samresnet,Cartoon,173,0.7,25,1
samresnet,Cartoon,175,0.7,25,1
samresnet,Cartoon,177,0.7,25,80
samresnet,Cartoon,179,0.7,25,1
samresnet,Cartoon,181,0.7,25,204
samresnet,Cartoon,183,0.7,25,139
samresnet,Cartoon,185,0.7,25,37
samresnet,Cartoon,187,0.7,25,2
samresnet,Cartoon,189,0.7,25,65
samresnet,Cartoon,191,0.7,25,2
samresnet,Cartoon,193,0.7,25,94
samresnet,Cartoon,195,0.7,25,78
samresnet,Cartoon,197,0.7,25,2
samresnet,Cartoon,199,0.7,25,62
samresnet,Fractal,001,0.7,25,71
samresnet,Fractal,003,0.7,25,93
samresnet,Fractal,005,0.7,25,6
samresnet,Fractal,007,0.7,25,302
samresnet,Fractal,009,0.7,25,1
samresnet,Fractal,011,0.7,25,119
samresnet,Fractal,013,0.7,25,47
samresnet,Fractal,015,0.7,25,116
samresnet,Fractal,017,0.7,25,2
samresnet,Fractal,019,0.7,25,1
samresnet,Fractal,021,0.7,25,158
samresnet,Fractal,023,0.7,25,3
samresnet,Fractal,025,0.7,25,78
samresnet,Fractal,027,0.7,25,65
samresnet,Fractal,029,0.7,25,88
samresnet,Fractal,031,0.7,25,123
samresnet,Fractal,033,0.7,25,116
samresnet,Fractal,035,0.7,25,1
samresnet,Fractal,037,0.7,25,271
samresnet,Fractal,039,0.7,25,60
samresnet,Fractal,041,0.7,25,88
samresnet,Fractal,043,0.7,25,130
samresnet,Fractal,045,0.7,25,83
samresnet,Fractal,047,0.7,25,1
samresnet,Fractal,049,0.7,25,75
samresnet,Fractal,051,0.7,25,1
samresnet,Fractal,053,0.7,25,92
samresnet,Fractal,055,0.7,25,73
samresnet,Fractal,057,0.7,25,1
samresnet,Fractal,059,0.7,25,484
samresnet,Fractal,061,0.7,25,2
samresnet,Fractal,063,0.7,25,81
samresnet,Fractal,065,0.7,25,2
samresnet,Fractal,067,0.7,25,4
samresnet,Fractal,069,0.7,25,107
samresnet,Fractal,071,0.7,25,77
samresnet,Fractal,073,0.7,25,1
samresnet,Fractal,075,0.7,25,76
samresnet,Fractal,077,0.7,25,298
samresnet,Fractal,079,0.7,25,1
samresnet,Fractal,081,0.7,25,138
samresnet,Fractal,083,0.7,25,87
samresnet,Fractal,085,0.7,25,140
samresnet,Fractal,087,0.7,25,66
samresnet,Fractal,089,0.7,25,75
samresnet,Fractal,091,0.7,25,1
samresnet,Fractal,093,0.7,25,2
samresnet,Fractal,095,0.7,25,115
samresnet,Fractal,097,0.7,25,1
samresnet,Fractal,099,0.7,25,86
samresnet,Fractal,101,0.7,25,2
samresnet,Fractal,103,0.7,25,1
samresnet,Fractal,105,0.7,25,75
samresnet,Fractal,107,0.7,25,121
samresnet,Fractal,109,0.7,25,226
samresnet,Fractal,111,0.7,25,1
samresnet,Fractal,113,0.7,25,155
samresnet,Fractal,115,0.7,25,275
samresnet,Fractal,117,0.7,25,61
samresnet,Fractal,119,0.7,25,253
samresnet,Fractal,121,0.7,25,91
samresnet,Fractal,123,0.7,25,67
samresnet,Fractal,125,0.7,25,98
samresnet,Fractal,127,0.7,25,53
samresnet,Fractal,129,0.7,25,116
samresnet,Fractal,131,0.7,25,1
samresnet,Fractal,133,0.7,25,65
samresnet,Fractal,135,0.7,25,230
samresnet,Fractal,137,0.7,25,72
samresnet,Fractal,139,0.7,25,45
samresnet,Fractal,141,0.7,25,82
samresnet,Fractal,143,0.7,25,189
samresnet,Fractal,145,0.7,25,214
samresnet,Fractal,147,0.7,25,2
samresnet,Fractal,149,0.7,25,48
samresnet,Fractal,151,0.7,25,86
samresnet,Fractal,153,0.7,25,2
samresnet,Fractal,155,0.7,25,71
samresnet,Fractal,157,0.7,25,61
samresnet,Fractal,159,0.7,25,2
samresnet,Fractal,161,0.7,25,1
samresnet,Fractal,163,0.7,25,55
samresnet,Fractal,165,0.7,25,3
samresnet,Fractal,167,0.7,25,50
samresnet,Fractal,169,0.7,25,1
samresnet,Fractal,171,0.7,25,111
samresnet,Fractal,173,0.7,25,37
samresnet,Fractal,175,0.7,25,125
samresnet,Fractal,177,0.7,25,1
samresnet,Fractal,179,0.7,25,85
samresnet,Fractal,181,0.7,25,146
samresnet,Fractal,183,0.7,25,218
samresnet,Fractal,185,0.7,25,263
samresnet,Fractal,187,0.7,25,72
samresnet,Fractal,189,0.7,25,48
samresnet,Fractal,191,0.7,25,91
samresnet,Fractal,193,0.7,25,140
samresnet,Fractal,195,0.7,25,38
samresnet,Fractal,197,0.7,25,82
samresnet,Fractal,199,0.7,25,85
samresnet,Indoor,001,0.7,25,217
samresnet,Indoor,003,0.7,25,40
samresnet,Indoor,005,0.7,25,83
samresnet,Indoor,007,0.7,25,54
samresnet,Indoor,009,0.7,25,132
samresnet,Indoor,011,0.7,25,113
samresnet,Indoor,013,0.7,25,52
samresnet,Indoor,015,0.7,25,109
samresnet,Indoor,017,0.7,25,115
samresnet,Indoor,019,0.7,25,67
samresnet,Indoor,021,0.7,25,86
samresnet,Indoor,023,0.7,25,92
samresnet,Indoor,025,0.7,25,74
samresnet,Indoor,027,0.7,25,2
samresnet,Indoor,029,0.7,25,89
samresnet,Indoor,031,0.7,25,199
samresnet,Indoor,033,0.7,25,63
samresnet,Indoor,035,0.7,25,81
samresnet,Indoor,037,0.7,25,1
samresnet,Indoor,039,0.7,25,67
samresnet,Indoor,041,0.7,25,82
samresnet,Indoor,043,0.7,25,2
samresnet,Indoor,045,0.7,25,91
samresnet,Indoor,047,0.7,25,24
samresnet,Indoor,049,0.7,25,1
samresnet,Indoor,051,0.7,25,73
samresnet,Indoor,053,0.7,25,115
samresnet,Indoor,055,0.7,25,57
samresnet,Indoor,057,0.7,25,47
samresnet,Indoor,059,0.7,25,325
samresnet,Indoor,061,0.7,25,123
samresnet,Indoor,063,0.7,25,87
samresnet,Indoor,065,0.7,25,2
samresnet,Indoor,067,0.7,25,56
samresnet,Indoor,069,0.7,25,89
samresnet,Indoor,071,0.7,25,76
samresnet,Indoor,073,0.7,25,28
samresnet,Indoor,075,0.7,25,107
samresnet,Indoor,077,0.7,25,94
samresnet,Indoor,079,0.7,25,2
samresnet,Indoor,081,0.7,25,91
samresnet,Indoor,083,0.7,25,2
samresnet,Indoor,085,0.7,25,66
samresnet,Indoor,087,0.7,25,240
samresnet,Indoor,089,0.7,25,89
samresnet,Indoor,091,0.7,25,79
samresnet,Indoor,093,0.7,25,114
samresnet,Indoor,095,0.7,25,75
samresnet,Indoor,097,0.7,25,64
samresnet,Indoor,099,0.7,25,47
samresnet,Indoor,101,0.7,25,134
samresnet,Indoor,103,0.7,25,41
samresnet,Indoor,105,0.7,25,122
samresnet,Indoor,107,0.7,25,1
samresnet,Indoor,109,0.7,25,53
samresnet,Indoor,111,0.7,25,118
samresnet,Indoor,113,0.7,25,2
samresnet,Indoor,115,0.7,25,1
samresnet,Indoor,117,0.7,25,41
samresnet,Indoor,119,0.7,25,2
samresnet,Indoor,121,0.7,25,62
samresnet,Indoor,123,0.7,25,97
samresnet,Indoor,125,0.7,25,110
samresnet,Indoor,127,0.7,25,1
samresnet,Indoor,129,0.7,25,421
samresnet,Indoor,131,0.7,25,213
samresnet,Indoor,133,0.7,25,72
samresnet,Indoor,135,0.7,25,65
samresnet,Indoor,137,0.7,25,85
samresnet,Indoor,139,0.7,25,80
samresnet,Indoor,141,0.7,25,56
samresnet,Indoor,143,0.7,25,273
samresnet,Indoor,145,0.7,25,77
samresnet,Indoor,147,0.7,25,66
samresnet,Indoor,149,0.7,25,155
samresnet,Indoor,151,0.7,25,1
samresnet,Indoor,153,0.7,25,90
samresnet,Indoor,155,0.7,25,55
samresnet,Indoor,157,0.7,25,87
samresnet,Indoor,159,0.7,25,66
samresnet,Indoor,161,0.7,25,79
samresnet,Indoor,163,0.7,25,124
samresnet,Indoor,165,0.7,25,141
samresnet,Indoor,167,0.7,25,100
samresnet,Indoor,169,0.7,25,52
samresnet,Indoor,171,0.7,25,49
samresnet,Indoor,173,0.7,25,2
samresnet,Indoor,175,0.7,25,66
samresnet,Indoor,177,0.7,25,2
samresnet,Indoor,179,0.7,25,32
samresnet,Indoor,181,0.7,25,56
samresnet,Indoor,183,0.7,25,47
samresnet,Indoor,185,0.7,25,70
samresnet,Indoor,187,0.7,25,57
samresnet,Indoor,189,0.7,25,46
samresnet,Indoor,191,0.7,25,80
samresnet,Indoor,193,0.7,25,58
samresnet,Indoor,195,0.7,25,98
samresnet,Indoor,197,0.7,25,259
samresnet,Indoor,199,0.7,25,128
samresnet,Inverted,001,0.7,25,1
samresnet,Inverted,003,0.7,25,73
samresnet,Inverted,005,0.7,25,2
samresnet,Inverted,007,0.7,25,84
samresnet,Inverted,009,0.7,25,3
samresnet,Inverted,011,0.7,25,61
samresnet,Inverted,013,0.7,25,56
samresnet,Inverted,015,0.7,25,103
samresnet,Inverted,017,0.7,25,89
samresnet,Inverted,019,0.7,25,57
samresnet,Inverted,021,0.7,25,8
samresnet,Inverted,023,0.7,25,349
samresnet,Inverted,025,0.7,25,82
samresnet,Inverted,027,0.7,25,46
samresnet,Inverted,029,0.7,25,90
samresnet,Inverted,031,0.7,25,120
samresnet,Inverted,033,0.7,25,145
samresnet,Inverted,035,0.7,25,1
samresnet,Inverted,037,0.7,25,84
samresnet,Inverted,039,0.7,25,1
samresnet,Inverted,041,0.7,25,1
samresnet,Inverted,043,0.7,25,57
samresnet,Inverted,045,0.7,25,71
samresnet,Inverted,047,0.7,25,2
samresnet,Inverted,049,0.7,25,2
samresnet,Inverted,051,0.7,25,133
samresnet,Inverted,053,0.7,25,68
samresnet,Inverted,055,0.7,25,33
samresnet,Inverted,057,0.7,25,2
samresnet,Inverted,059,0.7,25,53
samresnet,Inverted,061,0.7,25,70
samresnet,Inverted,063,0.7,25,72
samresnet,Inverted,065,0.7,25,66
samresnet,Inverted,067,0.7,25,54
samresnet,Inverted,069,0.7,25,189
samresnet,Inverted,071,0.7,25,72
samresnet,Inverted,073,0.7,25,214
samresnet,Inverted,075,0.7,25,130
samresnet,Inverted,077,0.7,25,120
samresnet,Inverted,079,0.7,25,2
samresnet,Inverted,081,0.7,25,68
samresnet,Inverted,083,0.7,25,63
samresnet,Inverted,085,0.7,25,68
samresnet,Inverted,087,0.7,25,2
samresnet,Inverted,089,0.7,25,68
samresnet,Inverted,091,0.7,25,68
samresnet,Inverted,093,0.7,25,82
samresnet,Inverted,095,0.7,25,301
samresnet,Inverted,097,0.7,25,84
samresnet,Inverted,099,0.7,25,90
samresnet,Inverted,101,0.7,25,78
samresnet,Inverted,103,0.7,25,128
samresnet,Inverted,105,0.7,25,84
samresnet,Inverted,107,0.7,25,2
samresnet,Inverted,109,0.7,25,63
samresnet,Inverted,111,0.7,25,101
samresnet,Inverted,113,0.7,25,48
samresnet,Inverted,115,0.7,25,57
samresnet,Inverted,117,0.7,25,300
samresnet,Inverted,119,0.7,25,60
samresnet,Inverted,121,0.7,25,57
samresnet,Inverted,123,0.7,25,61
samresnet,Inverted,125,0.7,25,2
samresnet,Inverted,127,0.7,25,60
samresnet,Inverted,129,0.7,25,113
samresnet,Inverted,131,0.7,25,3
samresnet,Inverted,133,0.7,25,273
samresnet,Inverted,135,0.7,25,66
samresnet,Inverted,137,0.7,25,53
samresnet,Inverted,139,0.7,25,50
samresnet,Inverted,141,0.7,25,3
samresnet,Inverted,143,0.7,25,499
samresnet,Inverted,145,0.7,25,142
samresnet,Inverted,147,0.7,25,74
samresnet,Inverted,149,0.7,25,91
samresnet,Inverted,151,0.7,25,103
samresnet,Inverted,153,0.7,25,55
samresnet,Inverted,155,0.7,25,72
samresnet,Inverted,157,0.7,25,98
samresnet,Inverted,159,0.7,25,113
samresnet,Inverted,161,0.7,25,2
samresnet,Inverted,163,0.7,25,68
samresnet,Inverted,165,0.7,25,132
samresnet,Inverted,167,0.7,25,63
samresnet,Inverted,169,0.7,25,1
samresnet,Inverted,171,0.7,25,131
samresnet,Inverted,173,0.7,25,69
samresnet,Inverted,175,0.7,25,101
samresnet,Inverted,177,0.7,25,226
samresnet,Inverted,179,0.7,25,806
samresnet,Inverted,181,0.7,25,43
samresnet,Inverted,183,0.7,25,1
samresnet,Inverted,185,0.7,25,59
samresnet,Inverted,187,0.7,25,123
samresnet,Inverted,189,0.7,25,96
samresnet,Inverted,191,0.7,25,151
samresnet,Inverted,193,0.7,25,107
samresnet,Inverted,195,0.7,25,3
samresnet,Inverted,197,0.7,25,89
samresnet,Inverted,199,0.7,25,1
samresnet,Jumbled,001,0.7,25,273
samresnet,Jumbled,003,0.7,25,72
samresnet,Jumbled,005,0.7,25,117
samresnet,Jumbled,007,0.7,25,2
samresnet,Jumbled,009,0.7,25,124
samresnet,Jumbled,011,0.7,25,1
samresnet,Jumbled,013,0.7,25,132
samresnet,Jumbled,015,0.7,25,65
samresnet,Jumbled,017,0.7,25,81
samresnet,Jumbled,019,0.7,25,1
samresnet,Jumbled,021,0.7,25,1
samresnet,Jumbled,023,0.7,25,56
samresnet,Jumbled,025,0.7,25,271
samresnet,Jumbled,027,0.7,25,52
samresnet,Jumbled,029,0.7,25,86
samresnet,Jumbled,031,0.7,25,104
samresnet,Jumbled,033,0.7,25,92
samresnet,Jumbled,035,0.7,25,56
samresnet,Jumbled,037,0.7,25,1
samresnet,Jumbled,039,0.7,25,1
samresnet,Jumbled,041,0.7,25,2
samresnet,Jumbled,043,0.7,25,66
samresnet,Jumbled,045,0.7,25,7
samresnet,Jumbled,047,0.7,25,92
samresnet,Jumbled,049,0.7,25,50
samresnet,Jumbled,051,0.7,25,253
samresnet,Jumbled,053,0.7,25,97
samresnet,Jumbled,055,0.7,25,1
samresnet,Jumbled,057,0.7,25,66
samresnet,Jumbled,059,0.7,25,58
samresnet,Jumbled,061,0.7,25,85
samresnet,Jumbled,063,0.7,25,2
samresnet,Jumbled,065,0.7,25,123
samresnet,Jumbled,067,0.7,25,71
samresnet,Jumbled,069,0.7,25,120
samresnet,Jumbled,071,0.7,25,65
samresnet,Jumbled,073,0.7,25,32
samresnet,Jumbled,075,0.7,25,1
samresnet,Jumbled,077,0.7,25,36
samresnet,Jumbled,079,0.7,25,1
samresnet,Jumbled,081,0.7,25,62
samresnet,Jumbled,083,0.7,25,1
samresnet,Jumbled,085,0.7,25,120
samresnet,Jumbled,087,0.7,25,110
samresnet,Jumbled,089,0.7,25,83
samresnet,Jumbled,091,0.7,25,1
samresnet,Jumbled,093,0.7,25,2
samresnet,Jumbled,095,0.7,25,124
samresnet,Jumbled,097,0.7,25,75
samresnet,Jumbled,099,0.7,25,1
samresnet,Jumbled,101,0.7,25,71
samresnet,Jumbled,103,0.7,25,1
samresnet,Jumbled,105,0.7,25,115
samresnet,Jumbled,107,0.7,25,66
samresnet,Jumbled,109,0.7,25,82
samresnet,Jumbled,111,0.7,25,253
samresnet,Jumbled,113,0.7,25,76
samresnet,Jumbled,115,0.7,25,135
samresnet,Jumbled,117,0.7,25,158
samresnet,Jumbled,119,0.7,25,82
samresnet,Jumbled,121,0.7,25,86
samresnet,Jumbled,123,0.7,25,118
samresnet,Jumbled,125,0.7,25,122
samresnet,Jumbled,127,0.7,25,54
samresnet,Jumbled,129,0.7,25,1
samresnet,Jumbled,131,0.7,25,56
samresnet,Jumbled,133,0.7,25,76
samresnet,Jumbled,135,0.7,25,66
samresnet,Jumbled,137,0.7,25,141
samresnet,Jumbled,139,0.7,25,52
samresnet,Jumbled,141,0.7,25,69
samresnet,Jumbled,143,0.7,25,65
samresnet,Jumbled,145,0.7,25,4
samresnet,Jumbled,147,0.7,25,94
samresnet,Jumbled,149,0.7,25,90
samresnet,Jumbled,151,0.7,25,58
samresnet,Jumbled,153,0.7,25,110
samresnet,Jumbled,155,0.7,25,99
samresnet,Jumbled,157,0.7,25,51
samresnet,Jumbled,159,0.7,25,91
samresnet,Jumbled,161,0.7,25,313
samresnet,Jumbled,163,0.7,25,110
samresnet,Jumbled,165,0.7,25,45
samresnet,Jumbled,167,0.7,25,104
samresnet,Jumbled,169,0.7,25,95
samresnet,Jumbled,171,0.7,25,65
samresnet,Jumbled,173,0.7,25,95
samresnet,Jumbled,175,0.7,25,104
samresnet,Jumbled,177,0.7,25,1
samresnet,Jumbled,179,0.7,25,57
samresnet,Jumbled,181,0.7,25,2
samresnet,Jumbled,183,0.7,25,1
samresnet,Jumbled,185,0.7,25,93
samresnet,Jumbled,187,0.7,25,1
samresnet,Jumbled,189,0.7,25,78
samresnet,Jumbled,191,0.7,25,189
samresnet,Jumbled,193,0.7,25,60
samresnet,Jumbled,195,0.7,25,69
samresnet,Jumbled,197,0.7,25,91
samresnet,Jumbled,199,0.7,25,111
samresnet,LineDrawing,001,0.7,25,58
samresnet,LineDrawing,003,0.7,25,81
samresnet,LineDrawing,005,0.7,25,79
samresnet,LineDrawing,007,0.7,25,44
samresnet,LineDrawing,009,0.7,25,2
samresnet,LineDrawing,011,0.7,25,190
samresnet,LineDrawing,013,0.7,25,194
samresnet,LineDrawing,015,0.7,25,57
samresnet,LineDrawing,017,0.7,25,118
samresnet,LineDrawing,019,0.7,25,69
samresnet,LineDrawing,021,0.7,25,69
samresnet,LineDrawing,023,0.7,25,96
samresnet,LineDrawing,025,0.7,25,2
samresnet,LineDrawing,027,0.7,25,1
samresnet,LineDrawing,029,0.7,25,47
samresnet,LineDrawing,031,0.7,25,1
samresnet,LineDrawing,033,0.7,25,166
samresnet,LineDrawing,035,0.7,25,102
samresnet,LineDrawing,037,0.7,25,72
samresnet,LineDrawing,039,0.7,25,3
samresnet,LineDrawing,041,0.7,25,113
samresnet,LineDrawing,043,0.7,25,95
samresnet,LineDrawing,045,0.7,25,211
samresnet,LineDrawing,047,0.7,25,37
samresnet,LineDrawing,049,0.7,25,71
samresnet,LineDrawing,051,0.7,25,48
samresnet,LineDrawing,053,0.7,25,56
samresnet,LineDrawing,055,0.7,25,1
samresnet,LineDrawing,057,0.7,25,1
samresnet,LineDrawing,059,0.7,25,66
samresnet,LineDrawing,061,0.7,25,62
samresnet,LineDrawing,063,0.7,25,78
samresnet,LineDrawing,065,0.7,25,88
samresnet,LineDrawing,067,0.7,25,71
samresnet,LineDrawing,069,0.7,25,1
samresnet,LineDrawing,071,0.7,25,123
samresnet,LineDrawing,073,0.7,25,65
samresnet,LineDrawing,075,0.7,25,74
samresnet,LineDrawing,077,0.7,25,59
samresnet,LineDrawing,079,0.7,25,61
samresnet,LineDrawing,081,0.7,25,223
samresnet,LineDrawing,083,0.7,25,59
samresnet,LineDrawing,085,0.7,25,57
samresnet,LineDrawing,087,0.7,25,60
samresnet,LineDrawing,089,0.7,25,58
samresnet,LineDrawing,091,0.7,25,59
samresnet,LineDrawing,093,0.7,25,66
samresnet,LineDrawing,095,0.7,25,57
samresnet,LineDrawing,097,0.7,25,66
samresnet,LineDrawing,099,0.7,25,70
samresnet,LineDrawing,101,0.7,25,135
samresnet,LineDrawing,103,0.7,25,109
samresnet,LineDrawing,105,0.7,25,99
samresnet,LineDrawing,107,0.7,25,103
samresnet,LineDrawing,109,0.7,25,136
samresnet,LineDrawing,111,0.7,25,373
samresnet,LineDrawing,113,0.7,25,1
samresnet,LineDrawing,115,0.7,25,110
samresnet,LineDrawing,117,0.7,25,76
samresnet,LineDrawing,119,0.7,25,120
samresnet,LineDrawing,121,0.7,25,1
samresnet,LineDrawing,123,0.7,25,42
samresnet,LineDrawing,125,0.7,25,62
samresnet,LineDrawing,127,0.7,25,106
samresnet,LineDrawing,129,0.7,25,436
samresnet,LineDrawing,131,0.7,25,38
samresnet,LineDrawing,133,0.7,25,1
samresnet,LineDrawing,135,0.7,25,103
samresnet,LineDrawing,137,0.7,25,293
samresnet,LineDrawing,139,0.7,25,251
samresnet,LineDrawing,141,0.7,25,65
samresnet,LineDrawing,143,0.7,25,58
samresnet,LineDrawing,145,0.7,25,57
samresnet,LineDrawing,147,0.7,25,84
samresnet,LineDrawing,149,0.7,25,114
samresnet,LineDrawing,151,0.7,25,79
samresnet,LineDrawing,153,0.7,25,2
samresnet,LineDrawing,155,0.7,25,77
samresnet,LineDrawing,157,0.7,25,90
samresnet,LineDrawing,159,0.7,25,52
samresnet,LineDrawing,161,0.7,25,193
samresnet,LineDrawing,163,0.7,25,6
samresnet,LineDrawing,165,0.7,25,62
samresnet,LineDrawing,167,0.7,25,58
samresnet,LineDrawing,169,0.7,25,2
samresnet,LineDrawing,171,0.7,25,1
samresnet,LineDrawing,173,0.7,25,97
samresnet,LineDrawing,175,0.7,25,119
samresnet,LineDrawing,177,0.7,25,83
samresnet,LineDrawing,179,0.7,25,87
samresnet,LineDrawing,181,0.7,25,1
samresnet,LineDrawing,183,0.7,25,1
samresnet,LineDrawing,185,0.7,25,62
samresnet,LineDrawing,187,0.7,25,73
samresnet,LineDrawing,189,0.7,25,274
samresnet,LineDrawing,191,0.7,25,60
samresnet,LineDrawing,193,0.7,25,3
samresnet,LineDrawing,195,0.7,25,177
samresnet,LineDrawing,197,0.7,25,1
samresnet,LineDrawing,199,0.7,25,120
samresnet,LowResolution,001,0.7,25,1
samresnet,LowResolution,003,0.7,25,80
samresnet,LowResolution,005,0.7,25,277
samresnet,LowResolution,007,0.7,25,61
samresnet,LowResolution,009,0.7,25,1
samresnet,LowResolution,011,0.7,25,103
samresnet,LowResolution,013,0.7,25,1
samresnet,LowResolution,015,0.7,25,105
samresnet,LowResolution,017,0.7,25,254
samresnet,LowResolution,019,0.7,25,110
samresnet,LowResolution,021,0.7,25,68
samresnet,LowResolution,023,0.7,25,30
samresnet,LowResolution,025,0.7,25,88
samresnet,LowResolution,027,0.7,25,53
samresnet,LowResolution,029,0.7,25,64
samresnet,LowResolution,031,0.7,25,1
samresnet,LowResolution,033,0.7,25,50
samresnet,LowResolution,035,0.7,25,80
samresnet,LowResolution,037,0.7,25,1
samresnet,LowResolution,039,0.7,25,77
samresnet,LowResolution,041,0.7,25,199
samresnet,LowResolution,043,0.7,25,86
samresnet,LowResolution,045,0.7,25,53
samresnet,LowResolution,047,0.7,25,65
samresnet,LowResolution,049,0.7,25,244
samresnet,LowResolution,051,0.7,25,1
samresnet,LowResolution,053,0.7,25,4
samresnet,LowResolution,055,0.7,25,70
samresnet,LowResolution,057,0.7,25,3
samresnet,LowResolution,059,0.7,25,133
samresnet,LowResolution,061,0.7,25,64
samresnet,LowResolution,063,0.7,25,2
samresnet,LowResolution,065,0.7,25,88
samresnet,LowResolution,067,0.7,25,247
samresnet,LowResolution,069,0.7,25,83
samresnet,LowResolution,071,0.7,25,108
samresnet,LowResolution,073,0.7,25,2
samresnet,LowResolution,075,0.7,25,80
samresnet,LowResolution,077,0.7,25,120
samresnet,LowResolution,079,0.7,25,2
samresnet,LowResolution,081,0.7,25,62
samresnet,LowResolution,083,0.7,25,60
samresnet,LowResolution,085,0.7,25,62
samresnet,LowResolution,087,0.7,25,93
samresnet,LowResolution,089,0.7,25,310
samresnet,LowResolution,091,0.7,25,110
samresnet,LowResolution,093,0.7,25,118
samresnet,LowResolution,095,0.7,25,166
samresnet,LowResolution,097,0.7,25,127
samresnet,LowResolution,099,0.7,25,83
samresnet,LowResolution,101,0.7,25,67
samresnet,LowResolution,103,0.7,25,3
samresnet,LowResolution,105,0.7,25,72
samresnet,LowResolution,107,0.7,25,1
samresnet,LowResolution,109,0.7,25,1
samresnet,LowResolution,111,0.7,25,96
samresnet,LowResolution,113,0.7,25,48
samresnet,LowResolution,115,0.7,25,105
samresnet,LowResolution,117,0.7,25,92
samresnet,LowResolution,119,0.7,25,52
samresnet,LowResolution,121,0.7,25,121
samresnet,LowResolution,123,0.7,25,55
samresnet,LowResolution,125,0.7,25,132
samresnet,LowResolution,127,0.7,25,92
samresnet,LowResolution,129,0.7,25,87
samresnet,LowResolution,131,0.7,25,57
samresnet,LowResolution,133,0.7,25,1
samresnet,LowResolution,135,0.7,25,99
samresnet,LowResolution,137,0.7,25,1
samresnet,LowResolution,139,0.7,25,123
samresnet,LowResolution,141,0.7,25,78
samresnet,LowResolution,143,0.7,25,113
samresnet,LowResolution,145,0.7,25,79
samresnet,LowResolution,147,0.7,25,55
samresnet,LowResolution,149,0.7,25,170
samresnet,LowResolution,151,0.7,25,100
samresnet,LowResolution,153,0.7,25,1
samresnet,LowResolution,155,0.7,25,64
samresnet,LowResolution,157,0.7,25,109
samresnet,LowResolution,159,0.7,25,82
samresnet,LowResolution,161,0.7,25,64
samresnet,LowResolution,163,0.7,25,72
samresnet,LowResolution,165,0.7,25,86
samresnet,LowResolution,167,0.7,25,86
samresnet,LowResolution,169,0.7,25,76
samresnet,LowResolution,171,0.7,25,115
samresnet,LowResolution,173,0.7,25,97
samresnet,LowResolution,175,0.7,25,67
samresnet,LowResolution,177,0.7,25,116
samresnet,LowResolution,179,0.7,25,65
samresnet,LowResolution,181,0.7,25,59
samresnet,LowResolution,183,0.7,25,94
samresnet,LowResolution,185,0.7,25,84
samresnet,LowResolution,187,0.7,25,2
samresnet,LowResolution,189,0.7,25,150
samresnet,LowResolution,191,0.7,25,94
samresnet,LowResolution,193,0.7,25,160
samresnet,LowResolution,195,0.7,25,145
samresnet,LowResolution,197,0.7,25,103
samresnet,LowResolution,199,0.7,25,1
samresnet,Noisy,001,0.7,25,52
samresnet,Noisy,003,0.7,25,72
samresnet,Noisy,005,0.7,25,140
samresnet,Noisy,007,0.7,25,202
samresnet,Noisy,009,0.7,25,69
samresnet,Noisy,011,0.7,25,102
samresnet,Noisy,013,0.7,25,71
samresnet,Noisy,015,0.7,25,109
samresnet,Noisy,017,0.7,25,55
samresnet,Noisy,019,0.7,25,74
samresnet,Noisy,021,0.7,25,1
samresnet,Noisy,023,0.7,25,66
samresnet,Noisy,025,0.7,25,149
samresnet,Noisy,027,0.7,25,85
samresnet,Noisy,029,0.7,25,153
samresnet,Noisy,031,0.7,25,79
samresnet,Noisy,033,0.7,25,55
samresnet,Noisy,035,0.7,25,58
samresnet,Noisy,037,0.7,25,65
samresnet,Noisy,039,0.7,25,56
samresnet,Noisy,041,0.7,25,52
samresnet,Noisy,043,0.7,25,77
samresnet,Noisy,045,0.7,25,62
samresnet,Noisy,047,0.7,25,42
samresnet,Noisy,049,0.7,25,1
samresnet,Noisy,051,0.7,25,1
samresnet,Noisy,053,0.7,25,94
samresnet,Noisy,055,0.7,25,108
samresnet,Noisy,057,0.7,25,87
samresnet,Noisy,059,0.7,25,183
samresnet,Noisy,061,0.7,25,175
samresnet,Noisy,063,0.7,25,1
samresnet,Noisy,065,0.7,25,60
samresnet,Noisy,067,0.7,25,1
samresnet,Noisy,069,0.7,25,329
samresnet,Noisy,071,0.7,25,69
samresnet,Noisy,073,0.7,25,198
samresnet,Noisy,075,0.7,25,1
samresnet,Noisy,077,0.7,25,2
samresnet,Noisy,079,0.7,25,154
samresnet,Noisy,081,0.7,25,1
samresnet,Noisy,083,0.7,25,64
samresnet,Noisy,085,0.7,25,102
samresnet,Noisy,087,0.7,25,58
samresnet,Noisy,089,0.7,25,4
samresnet,Noisy,091,0.7,25,76
samresnet,Noisy,093,0.7,25,1
samresnet,Noisy,095,0.7,25,91
samresnet,Noisy,097,0.7,25,57
samresnet,Noisy,099,0.7,25,1
samresnet,Noisy,101,0.7,25,94
samresnet,Noisy,103,0.7,25,80
samresnet,Noisy,105,0.7,25,2
samresnet,Noisy,107,0.7,25,60
samresnet,Noisy,109,0.7,25,215
samresnet,Noisy,111,0.7,25,87
samresnet,Noisy,113,0.7,25,67
samresnet,Noisy,115,0.7,25,57
samresnet,Noisy,117,0.7,25,187
samresnet,Noisy,119,0.7,25,74
samresnet,Noisy,121,0.7,25,76
samresnet,Noisy,123,0.7,25,62
samresnet,Noisy,125,0.7,25,2
samresnet,Noisy,127,0.7,25,1
samresnet,Noisy,129,0.7,25,1
samresnet,Noisy,131,0.7,25,245
samresnet,Noisy,133,0.7,25,1
samresnet,Noisy,135,0.7,25,31
samresnet,Noisy,137,0.7,25,131
samresnet,Noisy,139,0.7,25,1
samresnet,Noisy,141,0.7,25,80
samresnet,Noisy,143,0.7,25,96
samresnet,Noisy,145,0.7,25,91
samresnet,Noisy,147,0.7,25,56
samresnet,Noisy,149,0.7,25,86
samresnet,Noisy,151,0.7,25,92
samresnet,Noisy,153,0.7,25,139
samresnet,Noisy,155,0.7,25,91
samresnet,Noisy,157,0.7,25,5
samresnet,Noisy,159,0.7,25,63
samresnet,Noisy,161,0.7,25,80
samresnet,Noisy,163,0.7,25,83
samresnet,Noisy,165,0.7,25,59
samresnet,Noisy,167,0.7,25,88
samresnet,Noisy,169,0.7,25,97
samresnet,Noisy,171,0.7,25,2
samresnet,Noisy,173,0.7,25,34
samresnet,Noisy,175,0.7,25,121
samresnet,Noisy,177,0.7,25,110
samresnet,Noisy,179,0.7,25,62
samresnet,Noisy,181,0.7,25,71
samresnet,Noisy,183,0.7,25,76
samresnet,Noisy,185,0.7,25,56
samresnet,Noisy,187,0.7,25,210
samresnet,Noisy,189,0.7,25,167
samresnet,Noisy,191,0.7,25,1
samresnet,Noisy,193,0.7,25,70
samresnet,Noisy,195,0.7,25,3
samresnet,Noisy,197,0.7,25,101
samresnet,Noisy,199,0.7,25,229
samresnet,Object,001,0.7,25,94
samresnet,Object,003,0.7,25,89
samresnet,Object,005,0.7,25,45
samresnet,Object,007,0.7,25,118
samresnet,Object,009,0.7,25,1
samresnet,Object,011,0.7,25,262
samresnet,Object,013,0.7,25,179
samresnet,Object,015,0.7,25,277
samresnet,Object,017,0.7,25,50
samresnet,Object,019,0.7,25,64
samresnet,Object,021,0.7,25,487
samresnet,Object,023,0.7,25,95
samresnet,Object,025,0.7,25,1
samresnet,Object,027,0.7,25,1
samresnet,Object,029,0.7,25,1
samresnet,Object,031,0.7,25,81
samresnet,Object,033,0.7,25,72
samresnet,Object,035,0.7,25,126
samresnet,Object,037,0.7,25,49
samresnet,Object,039,0.7,25,83
samresnet,Object,041,0.7,25,55
samresnet,Object,043,0.7,25,2
samresnet,Object,045,0.7,25,2
samresnet,Object,047,0.7,25,2
samresnet,Object,049,0.7,25,3
samresnet,Object,051,0.7,25,93
samresnet,Object,053,0.7,25,1
samresnet,Object,055,0.7,25,81
samresnet,Object,057,0.7,25,1
samresnet,Object,059,0.7,25,3
samresnet,Object,061,0.7,25,56
samresnet,Object,063,0.7,25,61
samresnet,Object,065,0.7,25,1
samresnet,Object,067,0.7,25,1
samresnet,Object,069,0.7,25,76
samresnet,Object,071,0.7,25,59
samresnet,Object,073,0.7,25,83
samresnet,Object,075,0.7,25,2
samresnet,Object,077,0.7,25,1
samresnet,Object,079,0.7,25,1
samresnet,Object,081,0.7,25,2
samresnet,Object,083,0.7,25,1
samresnet,Object,085,0.7,25,66
samresnet,Object,087,0.7,25,1
samresnet,Object,089,0.7,25,46
samresnet,Object,091,0.7,25,1
samresnet,Object,093,0.7,25,136
samresnet,Object,095,0.7,25,104
samresnet,Object,097,0.7,25,2
samresnet,Object,099,0.7,25,5
samresnet,Object,101,0.7,25,78
samresnet,Object,103,0.7,25,134
samresnet,Object,105,0.7,25,1
samresnet,Object,107,0.7,25,79
samresnet,Object,109,0.7,25,1
samresnet,Object,111,0.7,25,87
samresnet,Object,113,0.7,25,72
samresnet,Object,115,0.7,25,91
samresnet,Object,117,0.7,25,76
samresnet,Object,119,0.7,25,142
samresnet,Object,121,0.7,25,31
samresnet,Object,123,0.7,25,253
samresnet,Object,125,0.7,25,70
samresnet,Object,127,0.7,25,113
samresnet,Object,129,0.7,25,4
samresnet,Object,131,0.7,25,58
samresnet,Object,133,0.7,25,53
samresnet,Object,135,0.7,25,95
samresnet,Object,137,0.7,25,71
samresnet,Object,139,0.7,25,5
samresnet,Object,141,0.7,25,61
samresnet,Object,143,0.7,25,1
samresnet,Object,145,0.7,25,55
samresnet,Object,147,0.7,25,87
samresnet,Object,149,0.7,25,2
samresnet,Object,151,0.7,25,93
samresnet,Object,153,0.7,25,4
samresnet,Object,155,0.7,25,72
samresnet,Object,157,0.7,25,81
samresnet,Object,159,0.7,25,1
samresnet,Object,161,0.7,25,118
samresnet,Object,163,0.7,25,62
samresnet,Object,165,0.7,25,81
samresnet,Object,167,0.7,25,64
samresnet,Object,169,0.7,25,59
samresnet,Object,171,0.7,25,2
samresnet,Object,173,0.7,25,152
samresnet,Object,175,0.7,25,155
samresnet,Object,177,0.7,25,75
samresnet,Object,179,0.7,25,79
samresnet,Object,181,0.7,25,3
samresnet,Object,183,0.7,25,29
samresnet,Object,185,0.7,25,59
samresnet,Object,187,0.7,25,255
samresnet,Object,189,0.7,25,38
samresnet,Object,191,0.7,25,170
samresnet,Object,193,0.7,25,49
samresnet,Object,195,0.7,25,60
samresnet,Object,197,0.7,25,264
samresnet,Object,199,0.7,25,87
samresnet,OutdoorManMade,001,0.7,25,143
samresnet,OutdoorManMade,003,0.7,25,350
samresnet,OutdoorManMade,005,0.7,25,1
samresnet,OutdoorManMade,007,0.7,25,2
samresnet,OutdoorManMade,009,0.7,25,99
samresnet,OutdoorManMade,011,0.7,25,4
samresnet,OutdoorManMade,013,0.7,25,224
samresnet,OutdoorManMade,015,0.7,25,41
samresnet,OutdoorManMade,017,0.7,25,3
samresnet,OutdoorManMade,019,0.7,25,118
samresnet,OutdoorManMade,021,0.7,25,232
samresnet,OutdoorManMade,023,0.7,25,1
samresnet,OutdoorManMade,025,0.7,25,1
samresnet,OutdoorManMade,027,0.7,25,115
samresnet,OutdoorManMade,029,0.7,25,65
samresnet,OutdoorManMade,031,0.7,25,55
samresnet,OutdoorManMade,033,0.7,25,3
samresnet,OutdoorManMade,035,0.7,25,97
samresnet,OutdoorManMade,037,0.7,25,92
samresnet,OutdoorManMade,039,0.7,25,67
samresnet,OutdoorManMade,041,0.7,25,74
samresnet,OutdoorManMade,043,0.7,25,158
samresnet,OutdoorManMade,045,0.7,25,101
samresnet,OutdoorManMade,047,0.7,25,207
samresnet,OutdoorManMade,049,0.7,25,2
samresnet,OutdoorManMade,051,0.7,25,178
samresnet,OutdoorManMade,053,0.7,25,75
samresnet,OutdoorManMade,055,0.7,25,1
samresnet,OutdoorManMade,057,0.7,25,53
samresnet,OutdoorManMade,059,0.7,25,1
samresnet,OutdoorManMade,061,0.7,25,41
samresnet,OutdoorManMade,063,0.7,25,129
samresnet,OutdoorManMade,065,0.7,25,165
samresnet,OutdoorManMade,067,0.7,25,3
samresnet,OutdoorManMade,069,0.7,25,23
samresnet,OutdoorManMade,071,0.7,25,128
samresnet,OutdoorManMade,073,0.7,25,68
samresnet,OutdoorManMade,075,0.7,25,116
samresnet,OutdoorManMade,077,0.7,25,1
samresnet,OutdoorManMade,079,0.7,25,88
samresnet,OutdoorManMade,081,0.7,25,60
samresnet,OutdoorManMade,083,0.7,25,58
samresnet,OutdoorManMade,085,0.7,25,83
samresnet,OutdoorManMade,087,0.7,25,78
samresnet,OutdoorManMade,089,0.7,25,1
samresnet,OutdoorManMade,091,0.7,25,63
samresnet,OutdoorManMade,093,0.7,25,58
samresnet,OutdoorManMade,095,0.7,25,57
samresnet,OutdoorManMade,097,0.7,25,236
samresnet,OutdoorManMade,099,0.7,25,102
samresnet,OutdoorManMade,101,0.7,25,1
samresnet,OutdoorManMade,103,0.7,25,1
samresnet,OutdoorManMade,105,0.7,25,1
samresnet,OutdoorManMade,107,0.7,25,57
samresnet,OutdoorManMade,109,0.7,25,100
samresnet,OutdoorManMade,111,0.7,25,25
samresnet,OutdoorManMade,113,0.7,25,2
samresnet,OutdoorManMade,115,0.7,25,66
samresnet,OutdoorManMade,117,0.7,25,1
samresnet,OutdoorManMade,119,0.7,25,61
samresnet,OutdoorManMade,121,0.7,25,78
samresnet,OutdoorManMade,123,0.7,25,1
samresnet,OutdoorManMade,125,0.7,25,62
samresnet,OutdoorManMade,127,0.7,25,79
samresnet,OutdoorManMade,129,0.7,25,73
samresnet,OutdoorManMade,131,0.7,25,2
samresnet,OutdoorManMade,133,0.7,25,82
samresnet,OutdoorManMade,135,0.7,25,142
samresnet,OutdoorManMade,137,0.7,25,2
samresnet,OutdoorManMade,139,0.7,25,138
samresnet,OutdoorManMade,141,0.7,25,140
samresnet,OutdoorManMade,143,0.7,25,90
samresnet,OutdoorManMade,145,0.7,25,68
samresnet,OutdoorManMade,147,0.7,25,1
samresnet,OutdoorManMade,149,0.7,25,78
samresnet,OutdoorManMade,151,0.7,25,88
samresnet,OutdoorManMade,153,0.7,25,340
samresnet,OutdoorManMade,155,0.7,25,60
samresnet,OutdoorManMade,157,0.7,25,140
samresnet,OutdoorManMade,159,0.7,25,63
samresnet,OutdoorManMade,161,0.7,25,69
samresnet,OutdoorManMade,163,0.7,25,104
samresnet,OutdoorManMade,165,0.7,25,61
samresnet,OutdoorManMade,167,0.7,25,107
samresnet,OutdoorManMade,169,0.7,25,78
samresnet,OutdoorManMade,171,0.7,25,54
samresnet,OutdoorManMade,173,0.7,25,2
samresnet,OutdoorManMade,175,0.7,25,56
samresnet,OutdoorManMade,177,0.7,25,2
samresnet,OutdoorManMade,179,0.7,25,76
samresnet,OutdoorManMade,181,0.7,25,123
samresnet,OutdoorManMade,183,0.7,25,72
samresnet,OutdoorManMade,185,0.7,25,82
samresnet,OutdoorManMade,187,0.7,25,59
samresnet,OutdoorManMade,189,0.7,25,173
samresnet,OutdoorManMade,191,0.7,25,95
samresnet,OutdoorManMade,193,0.7,25,39
samresnet,OutdoorManMade,195,0.7,25,77
samresnet,OutdoorManMade,197,0.7,25,1
samresnet,OutdoorManMade,199,0.7,25,1
samresnet,OutdoorNatural,001,0.7,25,57
samresnet,OutdoorNatural,003,0.7,25,86
samresnet,OutdoorNatural,005,0.7,25,50
samresnet,OutdoorNatural,007,0.7,25,55
samresnet,OutdoorNatural,009,0.7,25,62
samresnet,OutdoorNatural,011,0.7,25,90
samresnet,OutdoorNatural,013,0.7,25,93
samresnet,OutdoorNatural,015,0.7,25,58
samresnet,OutdoorNatural,017,0.7,25,57
samresnet,OutdoorNatural,019,0.7,25,67
samresnet,OutdoorNatural,021,0.7,25,96
samresnet,OutdoorNatural,023,0.7,25,95
samresnet,OutdoorNatural,025,0.7,25,3
samresnet,OutdoorNatural,027,0.7,25,208
samresnet,OutdoorNatural,029,0.7,25,143
samresnet,OutdoorNatural,031,0.7,25,53
samresnet,OutdoorNatural,033,0.7,25,59
samresnet,OutdoorNatural,035,0.7,25,67
samresnet,OutdoorNatural,037,0.7,25,76
samresnet,OutdoorNatural,039,0.7,25,59
samresnet,OutdoorNatural,041,0.7,25,144
samresnet,OutdoorNatural,043,0.7,25,1
samresnet,OutdoorNatural,045,0.7,25,62
samresnet,OutdoorNatural,047,0.7,25,80
samresnet,OutdoorNatural,049,0.7,25,57
samresnet,OutdoorNatural,051,0.7,25,2
samresnet,OutdoorNatural,053,0.7,25,61
samresnet,OutdoorNatural,055,0.7,25,3
samresnet,OutdoorNatural,057,0.7,25,56
samresnet,OutdoorNatural,059,0.7,25,1
samresnet,OutdoorNatural,061,0.7,25,71
samresnet,OutdoorNatural,063,0.7,25,76
samresnet,OutdoorNatural,065,0.7,25,50
samresnet,OutdoorNatural,067,0.7,25,33
samresnet,OutdoorNatural,069,0.7,25,221
samresnet,OutdoorNatural,071,0.7,25,1
samresnet,OutdoorNatural,073,0.7,25,1
samresnet,OutdoorNatural,075,0.7,25,81
samresnet,OutdoorNatural,077,0.7,25,88
samresnet,OutdoorNatural,079,0.7,25,78
samresnet,OutdoorNatural,081,0.7,25,2
samresnet,OutdoorNatural,083,0.7,25,59
samresnet,OutdoorNatural,085,0.7,25,2
samresnet,OutdoorNatural,087,0.7,25,264
samresnet,OutdoorNatural,089,0.7,25,93
samresnet,OutdoorNatural,091,0.7,25,82
samresnet,OutdoorNatural,093,0.7,25,89
samresnet,OutdoorNatural,095,0.7,25,66
samresnet,OutdoorNatural,097,0.7,25,75
samresnet,OutdoorNatural,099,0.7,25,66
samresnet,OutdoorNatural,101,0.7,25,113
samresnet,OutdoorNatural,103,0.7,25,49
samresnet,OutdoorNatural,105,0.7,25,91
samresnet,OutdoorNatural,107,0.7,25,63
samresnet,OutdoorNatural,109,0.7,25,4
samresnet,OutdoorNatural,111,0.7,25,84
samresnet,OutdoorNatural,113,0.7,25,276
samresnet,OutdoorNatural,115,0.7,25,1
samresnet,OutdoorNatural,117,0.7,25,74
samresnet,OutdoorNatural,119,0.7,25,93
samresnet,OutdoorNatural,121,0.7,25,64
samresnet,OutdoorNatural,123,0.7,25,30
samresnet,OutdoorNatural,125,0.7,25,78
samresnet,OutdoorNatural,127,0.7,25,2
samresnet,OutdoorNatural,129,0.7,25,56
samresnet,OutdoorNatural,131,0.7,25,94
samresnet,OutdoorNatural,133,0.7,25,2
samresnet,OutdoorNatural,135,0.7,25,123
samresnet,OutdoorNatural,137,0.7,25,77
samresnet,OutdoorNatural,139,0.7,25,64
samresnet,OutdoorNatural,141,0.7,25,54
samresnet,OutdoorNatural,143,0.7,25,3
samresnet,OutdoorNatural,145,0.7,25,57
samresnet,OutdoorNatural,147,0.7,25,1
samresnet,OutdoorNatural,149,0.7,25,69
samresnet,OutdoorNatural,151,0.7,25,106
samresnet,OutdoorNatural,153,0.7,25,102
samresnet,OutdoorNatural,155,0.7,25,243
samresnet,OutdoorNatural,157,0.7,25,88
samresnet,OutdoorNatural,159,0.7,25,1
samresnet,OutdoorNatural,161,0.7,25,75
samresnet,OutdoorNatural,163,0.7,25,1
samresnet,OutdoorNatural,165,0.7,25,80
samresnet,OutdoorNatural,167,0.7,25,62
samresnet,OutdoorNatural,169,0.7,25,86
samresnet,OutdoorNatural,171,0.7,25,62
samresnet,OutdoorNatural,173,0.7,25,61
samresnet,OutdoorNatural,175,0.7,25,69
samresnet,OutdoorNatural,177,0.7,25,2
samresnet,OutdoorNatural,179,0.7,25,40
samresnet,OutdoorNatural,181,0.7,25,28
samresnet,OutdoorNatural,183,0.7,25,1
samresnet,OutdoorNatural,185,0.7,25,1
samresnet,OutdoorNatural,187,0.7,25,42
samresnet,OutdoorNatural,189,0.7,25,1
samresnet,OutdoorNatural,191,0.7,25,48
samresnet,OutdoorNatural,193,0.7,25,236
samresnet,OutdoorNatural,195,0.7,25,92
samresnet,OutdoorNatural,197,0.7,25,2
samresnet,OutdoorNatural,199,0.7,25,1
samresnet,Pattern,001,0.7,25,86
samresnet,Pattern,003,0.7,25,1
samresnet,Pattern,005,0.7,25,1
samresnet,Pattern,007,0.7,25,4
samresnet,Pattern,009,0.7,25,85
samresnet,Pattern,011,0.7,25,71
samresnet,Pattern,013,0.7,25,73
samresnet,Pattern,015,0.7,25,75
samresnet,Pattern,017,0.7,25,83
samresnet,Pattern,019,0.7,25,67
samresnet,Pattern,021,0.7,25,272
samresnet,Pattern,023,0.7,25,72
samresnet,Pattern,025,0.7,25,75
samresnet,Pattern,027,0.7,25,74
samresnet,Pattern,029,0.7,25,84
samresnet,Pattern,031,0.7,25,54
samresnet,Pattern,033,0.7,25,338
samresnet,Pattern,035,0.7,25,59
samresnet,Pattern,037,0.7,25,61
samresnet,Pattern,039,0.7,25,81
samresnet,Pattern,041,0.7,25,2
samresnet,Pattern,043,0.7,25,134
samresnet,Pattern,045,0.7,25,70
samresnet,Pattern,047,0.7,25,55
samresnet,Pattern,049,0.7,25,85
samresnet,Pattern,051,0.7,25,67
samresnet,Pattern,053,0.7,25,101
samresnet,Pattern,055,0.7,25,96
samresnet,Pattern,057,0.7,25,58
samresnet,Pattern,059,0.7,25,78
samresnet,Pattern,061,0.7,25,161
samresnet,Pattern,063,0.7,25,2
samresnet,Pattern,065,0.7,25,72
samresnet,Pattern,067,0.7,25,75
samresnet,Pattern,069,0.7,25,51
samresnet,Pattern,071,0.7,25,28
samresnet,Pattern,073,0.7,25,1
samresnet,Pattern,075,0.7,25,2
samresnet,Pattern,077,0.7,25,134
samresnet,Pattern,079,0.7,25,101
samresnet,Pattern,081,0.7,25,84
samresnet,Pattern,083,0.7,25,68
samresnet,Pattern,085,0.7,25,191
samresnet,Pattern,087,0.7,25,66
samresnet,Pattern,089,0.7,25,1
samresnet,Pattern,091,0.7,25,116
samresnet,Pattern,093,0.7,25,83
samresnet,Pattern,095,0.7,25,122
samresnet,Pattern,097,0.7,25,64
samresnet,Pattern,099,0.7,25,161
samresnet,Pattern,101,0.7,25,114
samresnet,Pattern,103,0.7,25,3
samresnet,Pattern,105,0.7,25,1
samresnet,Pattern,107,0.7,25,99
samresnet,Pattern,109,0.7,25,315
samresnet,Pattern,111,0.7,25,116
samresnet,Pattern,113,0.7,25,56
samresnet,Pattern,115,0.7,25,58
samresnet,Pattern,117,0.7,25,168
samresnet,Pattern,119,0.7,25,67
samresnet,Pattern,121,0.7,25,3
samresnet,Pattern,123,0.7,25,72
samresnet,Pattern,125,0.7,25,2
samresnet,Pattern,127,0.7,25,119
samresnet,Pattern,129,0.7,25,127
samresnet,Pattern,131,0.7,25,82
samresnet,Pattern,133,0.7,25,1
samresnet,Pattern,135,0.7,25,88
samresnet,Pattern,137,0.7,25,166
samresnet,Pattern,139,0.7,25,1
samresnet,Pattern,141,0.7,25,63
samresnet,Pattern,143,0.7,25,3
samresnet,Pattern,145,0.7,25,111
samresnet,Pattern,147,0.7,25,234
samresnet,Pattern,149,0.7,25,224
samresnet,Pattern,151,0.7,25,1
samresnet,Pattern,153,0.7,25,32
samresnet,Pattern,155,0.7,25,58
samresnet,Pattern,157,0.7,25,3
samresnet,Pattern,159,0.7,25,70
samresnet,Pattern,161,0.7,25,71
samresnet,Pattern,163,0.7,25,2
samresnet,Pattern,165,0.7,25,315
samresnet,Pattern,167,0.7,25,57
samresnet,Pattern,169,0.7,25,85
samresnet,Pattern,171,0.7,25,88
samresnet,Pattern,173,0.7,25,3
samresnet,Pattern,175,0.7,25,114
samresnet,Pattern,177,0.7,25,64
samresnet,Pattern,179,0.7,25,87
samresnet,Pattern,181,0.7,25,3
samresnet,Pattern,183,0.7,25,40
samresnet,Pattern,185,0.7,25,1
samresnet,Pattern,187,0.7,25,116
samresnet,Pattern,189,0.7,25,97
samresnet,Pattern,191,0.7,25,60
samresnet,Pattern,193,0.7,25,1
samresnet,Pattern,195,0.7,25,58
samresnet,Pattern,197,0.7,25,267
samresnet,Pattern,199,0.7,25,68
samresnet,Random,001,0.7,25,9
samresnet,Random,003,0.7,25,2
samresnet,Random,005,0.7,25,1
samresnet,Random,007,0.7,25,45
samresnet,Random,009,0.7,25,1
samresnet,Random,011,0.7,25,76
samresnet,Random,013,0.7,25,1
samresnet,Random,015,0.7,25,59
samresnet,Random,017,0.7,25,52
samresnet,Random,019,0.7,25,84
samresnet,Random,021,0.7,25,1
samresnet,Random,023,0.7,25,116
samresnet,Random,025,0.7,25,2
samresnet,Random,027,0.7,25,242
samresnet,Random,029,0.7,25,81
samresnet,Random,031,0.7,25,34
samresnet,Random,033,0.7,25,36
samresnet,Random,035,0.7,25,2
samresnet,Random,037,0.7,25,58
samresnet,Random,039,0.7,25,89
samresnet,Random,041,0.7,25,34
samresnet,Random,043,0.7,25,148
samresnet,Random,045,0.7,25,93
samresnet,Random,047,0.7,25,1
samresnet,Random,049,0.7,25,58
samresnet,Random,051,0.7,25,136
samresnet,Random,053,0.7,25,89
samresnet,Random,055,0.7,25,1
samresnet,Random,057,0.7,25,86
samresnet,Random,059,0.7,25,48
samresnet,Random,061,0.7,25,87
samresnet,Random,063,0.7,25,3
samresnet,Random,065,0.7,25,142
samresnet,Random,067,0.7,25,1
samresnet,Random,069,0.7,25,49
samresnet,Random,071,0.7,25,77
samresnet,Random,073,0.7,25,50
samresnet,Random,075,0.7,25,2
samresnet,Random,077,0.7,25,62
samresnet,Random,079,0.7,25,1
samresnet,Random,081,0.7,25,34
samresnet,Random,083,0.7,25,6
samresnet,Random,085,0.7,25,127
samresnet,Random,087,0.7,25,1
samresnet,Random,089,0.7,25,52
samresnet,Random,091,0.7,25,312
samresnet,Random,093,0.7,25,4
samresnet,Random,095,0.7,25,70
samresnet,Random,097,0.7,25,64
samresnet,Random,099,0.7,25,59
samresnet,Random,101,0.7,25,59
samresnet,Random,103,0.7,25,65
samresnet,Random,105,0.7,25,74
samresnet,Random,107,0.7,25,58
samresnet,Random,109,0.7,25,98
samresnet,Random,111,0.7,25,49
samresnet,Random,113,0.7,25,4
samresnet,Random,115,0.7,25,232
samresnet,Random,117,0.7,25,60
samresnet,Random,119,0.7,25,283
samresnet,Random,121,0.7,25,71
samresnet,Random,123,0.7,25,364
samresnet,Random,125,0.7,25,2
samresnet,Random,127,0.7,25,2
samresnet,Random,129,0.7,25,34
samresnet,Random,131,0.7,25,58
samresnet,Random,133,0.7,25,97
samresnet,Random,135,0.7,25,231
samresnet,Random,137,0.7,25,57
samresnet,Random,139,0.7,25,2
samresnet,Random,141,0.7,25,2
samresnet,Random,143,0.7,25,259
samresnet,Random,145,0.7,25,3
samresnet,Random,147,0.7,25,67
samresnet,Random,149,0.7,25,66
samresnet,Random,151,0.7,25,66
samresnet,Random,153,0.7,25,111
samresnet,Random,155,0.7,25,59
samresnet,Random,157,0.7,25,64
samresnet,Random,159,0.7,25,72
samresnet,Random,161,0.7,25,233
samresnet,Random,163,0.7,25,141
samresnet,Random,165,0.7,25,74
samresnet,Random,167,0.7,25,159
samresnet,Random,169,0.7,25,56
samresnet,Random,171,0.7,25,56
samresnet,Random,173,0.7,25,98
samresnet,Random,175,0.7,25,2
samresnet,Random,177,0.7,25,2
samresnet,Random,179,0.7,25,33
samresnet,Random,181,0.7,25,76
samresnet,Random,183,0.7,25,36
samresnet,Random,185,0.7,25,65
samresnet,Random,187,0.7,25,97
samresnet,Random,189,0.7,25,74
samresnet,Random,191,0.7,25,75
samresnet,Random,193,0.7,25,103
samresnet,Random,195,0.7,25,47
samresnet,Random,197,0.7,25,174
samresnet,Random,199,0.7,25,55
samresnet,Satelite,001,0.7,25,123
samresnet,Satelite,003,0.7,25,267
samresnet,Satelite,005,0.7,25,101
samresnet,Satelite,007,0.7,25,113
samresnet,Satelite,009,0.7,25,87
samresnet,Satelite,011,0.7,25,376
samresnet,Satelite,013,0.7,25,144
samresnet,Satelite,015,0.7,25,201
samresnet,Satelite,017,0.7,25,56
samresnet,Satelite,019,0.7,25,120
samresnet,Satelite,021,0.7,25,68
samresnet,Satelite,023,0.7,25,64
samresnet,Satelite,025,0.7,25,286
samresnet,Satelite,027,0.7,25,79
samresnet,Satelite,029,0.7,25,76
samresnet,Satelite,031,0.7,25,144
samresnet,Satelite,033,0.7,25,40
samresnet,Satelite,035,0.7,25,80
samresnet,Satelite,037,0.7,25,111
samresnet,Satelite,039,0.7,25,90
samresnet,Satelite,041,0.7,25,68
samresnet,Satelite,043,0.7,25,1
samresnet,Satelite,045,0.7,25,72
samresnet,Satelite,047,0.7,25,93
samresnet,Satelite,049,0.7,25,87
samresnet,Satelite,051,0.7,25,70
samresnet,Satelite,053,0.7,25,47
samresnet,Satelite,055,0.7,25,76
samresnet,Satelite,057,0.7,25,88
samresnet,Satelite,059,0.7,25,1
samresnet,Satelite,061,0.7,25,60
samresnet,Satelite,063,0.7,25,2
samresnet,Satelite,065,0.7,25,2
samresnet,Satelite,067,0.7,25,67
samresnet,Satelite,069,0.7,25,241
samresnet,Satelite,071,0.7,25,2
samresnet,Satelite,073,0.7,25,85
samresnet,Satelite,075,0.7,25,77
samresnet,Satelite,077,0.7,25,3
samresnet,Satelite,079,0.7,25,91
samresnet,Satelite,081,0.7,25,97
samresnet,Satelite,083,0.7,25,139
samresnet,Satelite,085,0.7,25,74
samresnet,Satelite,087,0.7,25,85
samresnet,Satelite,089,0.7,25,2
samresnet,Satelite,091,0.7,25,255
samresnet,Satelite,093,0.7,25,189
samresnet,Satelite,095,0.7,25,64
samresnet,Satelite,097,0.7,25,77
samresnet,Satelite,099,0.7,25,102
samresnet,Satelite,101,0.7,25,159
samresnet,Satelite,103,0.7,25,66
samresnet,Satelite,105,0.7,25,108
samresnet,Satelite,107,0.7,25,88
samresnet,Satelite,109,0.7,25,94
samresnet,Satelite,111,0.7,25,65
samresnet,Satelite,113,0.7,25,109
samresnet,Satelite,115,0.7,25,6
samresnet,Satelite,117,0.7,25,3
samresnet,Satelite,119,0.7,25,138
samresnet,Satelite,121,0.7,25,98
samresnet,Satelite,123,0.7,25,146
samresnet,Satelite,125,0.7,25,1
samresnet,Satelite,127,0.7,25,91
samresnet,Satelite,129,0.7,25,143
samresnet,Satelite,131,0.7,25,56
samresnet,Satelite,133,0.7,25,2
samresnet,Satelite,135,0.7,25,63
samresnet,Satelite,137,0.7,25,75
samresnet,Satelite,139,0.7,25,66
samresnet,Satelite,141,0.7,25,251
samresnet,Satelite,143,0.7,25,84
samresnet,Satelite,145,0.7,25,114
samresnet,Satelite,147,0.7,25,54
samresnet,Satelite,149,0.7,25,1
samresnet,Satelite,151,0.7,25,57
samresnet,Satelite,153,0.7,25,3
samresnet,Satelite,155,0.7,25,139
samresnet,Satelite,157,0.7,25,67
samresnet,Satelite,159,0.7,25,86
samresnet,Satelite,161,0.7,25,245
samresnet,Satelite,163,0.7,25,1
samresnet,Satelite,165,0.7,25,51
samresnet,Satelite,167,0.7,25,78
samresnet,Satelite,169,0.7,25,88
samresnet,Satelite,171,0.7,25,2
samresnet,Satelite,173,0.7,25,1
samresnet,Satelite,175,0.7,25,103
samresnet,Satelite,177,0.7,25,1
samresnet,Satelite,179,0.7,25,1
samresnet,Satelite,181,0.7,25,1
samresnet,Satelite,183,0.7,25,93
samresnet,Satelite,185,0.7,25,67
samresnet,Satelite,187,0.7,25,162
samresnet,Satelite,189,0.7,25,200
samresnet,Satelite,191,0.7,25,246
samresnet,Satelite,193,0.7,25,83
samresnet,Satelite,195,0.7,25,69
samresnet,Satelite,197,0.7,25,2
samresnet,Satelite,199,0.7,25,3
samresnet,Sketch,001,0.7,25,88
samresnet,Sketch,003,0.7,25,55
samresnet,Sketch,005,0.7,25,2
samresnet,Sketch,007,0.7,25,76
samresnet,Sketch,009,0.7,25,164
samresnet,Sketch,011,0.7,25,30
samresnet,Sketch,013,0.7,25,2
samresnet,Sketch,015,0.7,25,182
samresnet,Sketch,017,0.7,25,122
samresnet,Sketch,019,0.7,25,99
samresnet,Sketch,021,0.7,25,95
samresnet,Sketch,023,0.7,25,1
samresnet,Sketch,025,0.7,25,1
samresnet,Sketch,027,0.7,25,1
samresnet,Sketch,029,0.7,25,3
samresnet,Sketch,031,0.7,25,115
samresnet,Sketch,033,0.7,25,109
samresnet,Sketch,035,0.7,25,65
samresnet,Sketch,037,0.7,25,3
samresnet,Sketch,039,0.7,25,95
samresnet,Sketch,041,0.7,25,44
samresnet,Sketch,043,0.7,25,45
samresnet,Sketch,045,0.7,25,4
samresnet,Sketch,047,0.7,25,62
samresnet,Sketch,049,0.7,25,37
samresnet,Sketch,051,0.7,25,63
samresnet,Sketch,053,0.7,25,1
samresnet,Sketch,055,0.7,25,53
samresnet,Sketch,057,0.7,25,51
samresnet,Sketch,059,0.7,25,54
samresnet,Sketch,061,0.7,25,2
samresnet,Sketch,063,0.7,25,151
samresnet,Sketch,065,0.7,25,95
samresnet,Sketch,067,0.7,25,66
samresnet,Sketch,069,0.7,25,161
samresnet,Sketch,071,0.7,25,131
samresnet,Sketch,073,0.7,25,73
samresnet,Sketch,075,0.7,25,52
samresnet,Sketch,077,0.7,25,1
samresnet,Sketch,079,0.7,25,41
samresnet,Sketch,081,0.7,25,96
samresnet,Sketch,083,0.7,25,79
samresnet,Sketch,085,0.7,25,320
samresnet,Sketch,087,0.7,25,2
samresnet,Sketch,089,0.7,25,69
samresnet,Sketch,091,0.7,25,1
samresnet,Sketch,093,0.7,25,1
samresnet,Sketch,095,0.7,25,65
samresnet,Sketch,097,0.7,25,82
samresnet,Sketch,099,0.7,25,55
samresnet,Sketch,101,0.7,25,3
samresnet,Sketch,103,0.7,25,46
samresnet,Sketch,105,0.7,25,2
samresnet,Sketch,107,0.7,25,121
samresnet,Sketch,109,0.7,25,1
samresnet,Sketch,111,0.7,25,83
samresnet,Sketch,113,0.7,25,3
samresnet,Sketch,115,0.7,25,206
samresnet,Sketch,117,0.7,25,102
samresnet,Sketch,119,0.7,25,52
samresnet,Sketch,121,0.7,25,2
samresnet,Sketch,123,0.7,25,166
samresnet,Sketch,125,0.7,25,1
samresnet,Sketch,127,0.7,25,79
samresnet,Sketch,129,0.7,25,65
samresnet,Sketch,131,0.7,25,129
samresnet,Sketch,133,0.7,25,168
samresnet,Sketch,135,0.7,25,1
samresnet,Sketch,137,0.7,25,41
samresnet,Sketch,139,0.7,25,69
samresnet,Sketch,141,0.7,25,2
samresnet,Sketch,143,0.7,25,50
samresnet,Sketch,145,0.7,25,83
samresnet,Sketch,147,0.7,25,80
samresnet,Sketch,149,0.7,25,109
samresnet,Sketch,151,0.7,25,1
samresnet,Sketch,153,0.7,25,73
samresnet,Sketch,155,0.7,25,99
samresnet,Sketch,157,0.7,25,169
samresnet,Sketch,159,0.7,25,3
samresnet,Sketch,161,0.7,25,1
samresnet,Sketch,163,0.7,25,245
samresnet,Sketch,165,0.7,25,89
samresnet,Sketch,167,0.7,25,56
samresnet,Sketch,169,0.7,25,84
samresnet,Sketch,171,0.7,25,1
samresnet,Sketch,173,0.7,25,64
samresnet,Sketch,175,0.7,25,84
samresnet,Sketch,177,0.7,25,52
samresnet,Sketch,179,0.7,25,68
samresnet,Sketch,181,0.7,25,38
samresnet,Sketch,183,0.7,25,48
samresnet,Sketch,185,0.7,25,61
samresnet,Sketch,187,0.7,25,76
samresnet,Sketch,189,0.7,25,60
samresnet,Sketch,191,0.7,25,26
samresnet,Sketch,193,0.7,25,100
samresnet,Sketch,195,0.7,25,34
samresnet,Sketch,197,0.7,25,56
samresnet,Sketch,199,0.7,25,51
samresnet,Social,001,0.7,25,52
samresnet,Social,003,0.7,25,2
samresnet,Social,005,0.7,25,29
samresnet,Social,007,0.7,25,130
samresnet,Social,009,0.7,25,87
samresnet,Social,011,0.7,25,2
samresnet,Social,013,0.7,25,27
samresnet,Social,015,0.7,25,58
samresnet,Social,017,0.7,25,31
samresnet,Social,019,0.7,25,3
samresnet,Social,021,0.7,25,86
samresnet,Social,023,0.7,25,4
samresnet,Social,025,0.7,25,91
samresnet,Social,027,0.7,25,32
samresnet,Social,029,0.7,25,3
samresnet,Social,031,0.7,25,61
samresnet,Social,033,0.7,25,27
samresnet,Social,035,0.7,25,2
samresnet,Social,037,0.7,25,68
samresnet,Social,039,0.7,25,4
samresnet,Social,041,0.7,25,22
samresnet,Social,043,0.7,25,54
samresnet,Social,045,0.7,25,111
samresnet,Social,047,0.7,25,66
samresnet,Social,049,0.7,25,56
samresnet,Social,051,0.7,25,180
samresnet,Social,053,0.7,25,1
samresnet,Social,055,0.7,25,43
samresnet,Social,057,0.7,25,83
samresnet,Social,059,0.7,25,51
samresnet,Social,061,0.7,25,2
samresnet,Social,063,0.7,25,3
samresnet,Social,065,0.7,25,1
samresnet,Social,067,0.7,25,4
samresnet,Social,069,0.7,25,3
samresnet,Social,071,0.7,25,44
samresnet,Social,073,0.7,25,40
samresnet,Social,075,0.7,25,60
samresnet,Social,077,0.7,25,9
samresnet,Social,079,0.7,25,92
samresnet,Social,081,0.7,25,1
samresnet,Social,083,0.7,25,2
samresnet,Social,085,0.7,25,4
samresnet,Social,087,0.7,25,4
samresnet,Social,089,0.7,25,2
samresnet,Social,091,0.7,25,1
samresnet,Social,093,0.7,25,2
samresnet,Social,095,0.7,25,62
samresnet,Social,097,0.7,25,2
samresnet,Social,099,0.7,25,65
samresnet,Social,101,0.7,25,38
samresnet,Social,103,0.7,25,4
samresnet,Social,105,0.7,25,163
samresnet,Social,107,0.7,25,1
samresnet,Social,109,0.7,25,70
samresnet,Social,111,0.7,25,3
samresnet,Social,113,0.7,25,1
samresnet,Social,115,0.7,25,29
samresnet,Social,117,0.7,25,60
samresnet,Social,119,0.7,25,64
samresnet,Social,121,0.7,25,2
samresnet,Social,123,0.7,25,59
samresnet,Social,125,0.7,25,1
samresnet,Social,127,0.7,25,50
samresnet,Social,129,0.7,25,1
samresnet,Social,131,0.7,25,2
samresnet,Social,133,0.7,25,28
samresnet,Social,135,0.7,25,1
samresnet,Social,137,0.7,25,4
samresnet,Social,139,0.7,25,1
samresnet,Social,141,0.7,25,2
samresnet,Social,143,0.7,25,93
samresnet,Social,145,0.7,25,1
samresnet,Social,147,0.7,25,2
samresnet,Social,149,0.7,25,2
samresnet,Social,151,0.7,25,69
samresnet,Social,153,0.7,25,110
samresnet,Social,155,0.7,25,146
samresnet,Social,157,0.7,25,37
samresnet,Social,159,0.7,25,2
samresnet,Social,161,0.7,25,35
samresnet,Social,163,0.7,25,55
samresnet,Social,165,0.7,25,1
samresnet,Social,167,0.7,25,39
samresnet,Social,169,0.7,25,2
samresnet,Social,171,0.7,25,72
samresnet,Social,173,0.7,25,31
samresnet,Social,175,0.7,25,51
samresnet,Social,177,0.7,25,95
samresnet,Social,179,0.7,25,248
samresnet,Social,181,0.7,25,44
samresnet,Social,183,0.7,25,2
samresnet,Social,185,0.7,25,64
samresnet,Social,187,0.7,25,1
samresnet,Social,189,0.7,25,77
samresnet,Social,191,0.7,25,77
samresnet,Social,193,0.7,25,2
samresnet,Social,195,0.7,25,3
samresnet,Social,197,0.7,25,64
samresnet,Social,199,0.7,25,155
