model_name,category,benchmark_metric,structural_metric,spearman_rho,p_value,n_pairs
center_bias_baseline,Action,model_nss,delta_entropy,0.6334213685474189,7.935758706387009e-07,50
center_bias_baseline,Action,model_nss,delta_num_peaks,-0.2978183514189122,0.03568003851545436,50
center_bias_baseline,Action,model_nss,delta_center_distance,0.02424969987995198,0.8672451225085609,50
center_bias_baseline,Action,model_cc,delta_entropy,0.2669387755102041,0.06093543579934507,50
center_bias_baseline,Action,model_cc,delta_num_peaks,0.16389343786431723,0.25541276127413237,50
center_bias_baseline,Action,model_cc,delta_center_distance,-0.2773109243697479,0.05121012257955552,50
center_bias_baseline,Action,model_auc,delta_entropy,0.6658823529411765,1.313393817573834e-07,50
center_bias_baseline,Action,model_auc,delta_num_peaks,-0.28479923839911475,0.04500311626311332,50
center_bias_baseline,Action,model_auc,delta_center_distance,-0.025498199279711888,0.8604764442929573,50
center_bias_baseline,Affective,model_nss,delta_entropy,0.20547418967587033,0.1522872949936741,50
center_bias_baseline,Affective,model_nss,delta_num_peaks,0.013475134026710222,0.9260006839284051,50
center_bias_baseline,Affective,model_nss,delta_center_distance,-0.17887154861944776,0.213914031814904,50
center_bias_baseline,Affective,model_cc,delta_entropy,-0.10146458583433372,0.4832225585628216,50
center_bias_baseline,Affective,model_cc,delta_num_peaks,0.23247029781331735,0.10425212911956812,50
center_bias_baseline,Affective,model_cc,delta_center_distance,-0.2819207683073229,0.04731210287402555,50
center_bias_baseline,Affective,model_auc,delta_entropy,0.18108043217286915,0.20821806179258898,50
center_bias_baseline,Affective,model_auc,delta_num_peaks,-0.013038888680521762,0.9283900015075987,50
center_bias_baseline,Affective,model_auc,delta_center_distance,-0.200672268907563,0.16231202694319807,50
center_bias_baseline,Art,model_nss,delta_entropy,0.3326850585606837,0.018244599042609225,50
center_bias_baseline,Art,model_nss,delta_num_peaks,0.0028086803985469286,0.9845554609483195,50
center_bias_baseline,Art,model_nss,delta_center_distance,-0.38093637454981993,0.006348074180735546,50
center_bias_baseline,Art,model_cc,delta_entropy,0.1723930947218323,0.23124455145195538,50
center_bias_baseline,Art,model_cc,delta_num_peaks,0.20566320090739318,0.15190226221893494,50
center_bias_baseline,Art,model_cc,delta_center_distance,-0.3839135654261705,0.005916771742462638,50
center_bias_baseline,Art,model_auc,delta_entropy,0.22627193936748574,0.11408714148430758,50
center_bias_baseline,Art,model_auc,delta_num_peaks,0.07171820121117244,0.6206454530541551,50
center_bias_baseline,Art,model_auc,delta_center_distance,-0.4085954381752701,0.0032201950191209335,50
center_bias_baseline,BlackWhite,model_nss,delta_entropy,0.38458583433373345,0.005822997523328516,50
center_bias_baseline,BlackWhite,model_nss,delta_num_peaks,-0.32095658676146155,0.02305049302404946,50
center_bias_baseline,BlackWhite,model_nss,delta_center_distance,-0.20211284513805522,0.15925529490958054,50
center_bias_baseline,BlackWhite,model_cc,delta_entropy,0.18665066026410562,0.19432939839925134,50
center_bias_baseline,BlackWhite,model_cc,delta_num_peaks,0.06729813425949625,0.6423893970546892,50
center_bias_baseline,BlackWhite,model_cc,delta_center_distance,-0.25214885954381755,0.07730662659160212,50
center_bias_baseline,BlackWhite,model_auc,delta_entropy,0.4042737094837935,0.003593984342005475,50
center_bias_baseline,BlackWhite,model_auc,delta_num_peaks,-0.27849350928368966,0.05018615024642055,50
center_bias_baseline,BlackWhite,model_auc,delta_center_distance,-0.2188235294117647,0.12682320195311292,50
center_bias_baseline,Cartoon,model_nss,delta_entropy,0.273860116768415,0.05429524126004281,50
center_bias_baseline,Cartoon,model_nss,delta_num_peaks,-0.17107872668341323,0.2348751944552102,50
center_bias_baseline,Cartoon,model_nss,delta_center_distance,-0.7250420168067226,2.610682860131544e-09,50
center_bias_baseline,Cartoon,model_cc,delta_entropy,0.06487550723375918,0.6544358808441731,50
center_bias_baseline,Cartoon,model_cc,delta_num_peaks,0.0014070570260405512,0.9922624405206872,50
center_bias_baseline,Cartoon,model_cc,delta_center_distance,-0.6900840336134454,2.9560605827638036e-08,50
center_bias_baseline,Cartoon,model_auc,delta_entropy,0.1893923023907818,0.18774074293893234,50
center_bias_baseline,Cartoon,model_auc,delta_num_peaks,-0.15312661979944756,0.28839047820718194,50
center_bias_baseline,Cartoon,model_auc,delta_center_distance,-0.7616326530612244,1.3400445932643204e-10,50
center_bias_baseline,Fractal,model_nss,delta_entropy,0.11913565426170468,0.4099111973867461,50
center_bias_baseline,Fractal,model_nss,delta_num_peaks,-0.05396163137243556,0.7097537562879002,50
center_bias_baseline,Fractal,model_nss,delta_center_distance,0.32427370948379347,0.02159406562804712,50
center_bias_baseline,Fractal,model_cc,delta_entropy,-0.22391356542617047,0.11800950720387045,50
center_bias_baseline,Fractal,model_cc,delta_num_peaks,0.3326247794208426,0.01826693650693975,50
center_bias_baseline,Fractal,model_cc,delta_center_distance,-0.08782713085234094,0.5441842704398323,50
center_bias_baseline,Fractal,model_auc,delta_entropy,0.0008163265306122449,0.9955108865019631,50
center_bias_baseline,Fractal,model_auc,delta_num_peaks,0.14901824946549294,0.3016752632872281,50
center_bias_baseline,Fractal,model_auc,delta_center_distance,0.30199279711884747,0.033052646513231025,50
center_bias_baseline,Indoor,model_nss,delta_entropy,0.4548008356853688,0.0009060880982645551,50
center_bias_baseline,Indoor,model_nss,delta_num_peaks,-0.12200531017625763,0.3986430826064834,50
center_bias_baseline,Indoor,model_nss,delta_center_distance,-0.7335894357743098,1.3626321192249663e-09,50
center_bias_baseline,Indoor,model_cc,delta_entropy,0.22689620405589353,0.11306571271196972,50
center_bias_baseline,Indoor,model_cc,delta_num_peaks,0.1353671024098183,0.3486023105302033,50
center_bias_baseline,Indoor,model_cc,delta_center_distance,-0.6622328931572629,1.6253963742481196e-07,50
center_bias_baseline,Indoor,model_auc,delta_entropy,0.34353766006684916,0.014582537339287025,50
center_bias_baseline,Indoor,model_auc,delta_num_peaks,-0.08240581682952328,0.5694049339428016,50
center_bias_baseline,Indoor,model_auc,delta_center_distance,-0.7911164465786314,8.099144341568264e-12,50
center_bias_baseline,Inverted,model_nss,delta_entropy,0.24590636254501802,0.08518127988796848,50
center_bias_baseline,Inverted,model_nss,delta_num_peaks,-0.3835700910353293,0.005965189258265876,50
center_bias_baseline,Inverted,model_nss,delta_center_distance,-0.46103241296518604,0.0007530832587005716,50
center_bias_baseline,Inverted,model_cc,delta_entropy,0.06881152460984392,0.6349097988988522,50
center_bias_baseline,Inverted,model_cc,delta_num_peaks,-0.12855813079226971,0.37359963797411266,50
center_bias_baseline,Inverted,model_cc,delta_center_distance,-0.4109963985594237,0.0030277202300628687,50
center_bias_baseline,Inverted,model_auc,delta_entropy,0.18319327731092436,0.20287018223037157,50
center_bias_baseline,Inverted,model_auc,delta_num_peaks,-0.3813679152128504,0.006283907987549579,50
center_bias_baseline,Inverted,model_auc,delta_center_distance,-0.4671788715486195,0.0006253351395243701,50
center_bias_baseline,Jumbled,model_nss,delta_entropy,0.46313059884365554,0.0007070555642074986,50
center_bias_baseline,Jumbled,model_nss,delta_num_peaks,-0.07850653295285584,0.5878723098813404,50
center_bias_baseline,Jumbled,model_nss,delta_center_distance,-0.8707322929171669,2.0916262199716414e-16,50
center_bias_baseline,Jumbled,model_cc,delta_entropy,0.34043268511019015,0.015559817321501128,50
center_bias_baseline,Jumbled,model_cc,delta_num_peaks,0.09129910926425674,0.5283199734548527,50
center_bias_baseline,Jumbled,model_cc,delta_center_distance,-0.6762545018007202,7.050462981391253e-08,50
center_bias_baseline,Jumbled,model_auc,delta_entropy,0.34312195445229354,0.014710261936531206,50
center_bias_baseline,Jumbled,model_auc,delta_num_peaks,-0.002188843855562895,0.9879635692110003,50
center_bias_baseline,Jumbled,model_auc,delta_center_distance,-0.8978151260504202,1.0166628094286615e-18,50
center_bias_baseline,LineDrawing,model_nss,delta_entropy,0.23879951980792313,0.09489594953093937,50
center_bias_baseline,LineDrawing,model_nss,delta_num_peaks,-0.004332265331675648,0.9761794682346834,50
center_bias_baseline,LineDrawing,model_nss,delta_center_distance,-0.4857142857142857,0.0003494000355608843,50
center_bias_baseline,LineDrawing,model_cc,delta_entropy,0.15601440576230494,0.27928474214841537,50
center_bias_baseline,LineDrawing,model_cc,delta_num_peaks,0.10574665832317377,0.4648510637014791,50
center_bias_baseline,LineDrawing,model_cc,delta_center_distance,-0.4523889555822329,0.0009724249945433952,50
center_bias_baseline,LineDrawing,model_auc,delta_entropy,0.2904681872749099,0.040724640959352576,50
center_bias_baseline,LineDrawing,model_auc,delta_num_peaks,0.03844885481862138,0.7909355309027024,50
center_bias_baseline,LineDrawing,model_auc,delta_center_distance,-0.4749579831932773,0.0004917615861986873,50
center_bias_baseline,LowResolution,model_nss,delta_entropy,0.4780426902383958,0.00044635864195829246,50
center_bias_baseline,LowResolution,model_nss,delta_num_peaks,-0.16923870702676164,0.2400231863964931,50
center_bias_baseline,LowResolution,model_nss,delta_center_distance,0.9488115246098439,1.1363943419573405e-25,50
center_bias_baseline,LowResolution,model_cc,delta_entropy,0.12984705518881187,0.36878711471572767,50
center_bias_baseline,LowResolution,model_cc,delta_num_peaks,0.2547344404959772,0.0742182499481562,50
center_bias_baseline,LowResolution,model_cc,delta_center_distance,0.33138055222088836,0.01873321025732692,50
center_bias_baseline,LowResolution,model_auc,delta_entropy,0.34742730927923593,0.013432625085316237,50
center_bias_baseline,LowResolution,model_auc,delta_num_peaks,-0.01158769052714881,0.9363426041866779,50
center_bias_baseline,LowResolution,model_auc,delta_center_distance,0.9267226890756303,4.848647571406973e-22,50
center_bias_baseline,Noisy,model_nss,delta_entropy,0.36577108704629435,0.008996711485380074,50
center_bias_baseline,Noisy,model_nss,delta_num_peaks,0.04047327933823352,0.7801948725852194,50
center_bias_baseline,Noisy,model_nss,delta_center_distance,0.3035294117647059,0.032126801536382005,50
center_bias_baseline,Noisy,model_cc,delta_entropy,0.07832120821484917,0.5887566602219587,50
center_bias_baseline,Noisy,model_cc,delta_num_peaks,0.2655086041202867,0.062385529549511064,50
center_bias_baseline,Noisy,model_cc,delta_center_distance,-0.03308523409363745,0.8195738612852519,50
center_bias_baseline,Noisy,model_auc,delta_entropy,0.2614708637215535,0.0666291114343563,50
center_bias_baseline,Noisy,model_auc,delta_num_peaks,0.1251169164157892,0.38663143157810587,50
center_bias_baseline,Noisy,model_auc,delta_center_distance,0.2715486194477791,0.05644450784995338,50
center_bias_baseline,Object,model_nss,delta_entropy,0.18550265317839507,0.19713650020382562,50
center_bias_baseline,Object,model_nss,delta_num_peaks,-0.13203045006240816,0.3607205604481971,50
center_bias_baseline,Object,model_nss,delta_center_distance,0.34895558223289314,0.013002536053394772,50
center_bias_baseline,Object,model_cc,delta_entropy,-0.05512737402246894,0.7037677292696631,50
center_bias_baseline,Object,model_cc,delta_num_peaks,0.17440820010080135,0.2257535727046112,50
center_bias_baseline,Object,model_cc,delta_center_distance,-0.0398079231692677,0.7837205710688705,50
center_bias_baseline,Object,model_auc,delta_entropy,0.15280078757795834,0.2894299172371875,50
center_bias_baseline,Object,model_auc,delta_num_peaks,-0.13605488170220978,0.3461359034860604,50
center_bias_baseline,Object,model_auc,delta_center_distance,0.2993037214885954,0.03472605236252889,50
center_bias_baseline,OutdoorManMade,model_nss,delta_entropy,0.28308002601259097,0.04637085654947413,50
center_bias_baseline,OutdoorManMade,model_nss,delta_num_peaks,-0.35618861641973293,0.011123338493468906,50
center_bias_baseline,OutdoorManMade,model_nss,delta_center_distance,-0.4836974789915966,0.000372843277198923,50
center_bias_baseline,OutdoorManMade,model_cc,delta_entropy,0.0021128958684569978,0.9883811773419315,50
center_bias_baseline,OutdoorManMade,model_cc,delta_num_peaks,-0.14664309568518527,0.3095326151654462,50
center_bias_baseline,OutdoorManMade,model_cc,delta_center_distance,-0.48600240096038416,0.00034616222922012244,50
center_bias_baseline,OutdoorManMade,model_auc,delta_entropy,0.22531153215455077,0.11567228549120885,50
center_bias_baseline,OutdoorManMade,model_auc,delta_num_peaks,-0.299973814372537,0.034302638907320014,50
center_bias_baseline,OutdoorManMade,model_auc,delta_center_distance,-0.5165426170468187,0.00012295113239136891,50
center_bias_baseline,OutdoorNatural,model_nss,delta_entropy,0.4722689075630252,0.0005346979465312272,50
center_bias_baseline,OutdoorNatural,model_nss,delta_num_peaks,-0.12173145760915303,0.39971054039865195,50
center_bias_baseline,OutdoorNatural,model_nss,delta_center_distance,-0.2844177671068427,0.0453037212343839,50
center_bias_baseline,OutdoorNatural,model_cc,delta_entropy,0.38429771908763505,0.005863026440431758,50
center_bias_baseline,OutdoorNatural,model_cc,delta_num_peaks,-0.044261557986688044,0.7602062048655812,50
center_bias_baseline,OutdoorNatural,model_cc,delta_center_distance,-0.3350300120048019,0.017393426862415,50
center_bias_baseline,OutdoorNatural,model_auc,delta_entropy,0.38852340936374546,0.005299365605147114,50
center_bias_baseline,OutdoorNatural,model_auc,delta_num_peaks,-0.15659534706841446,0.2774760577576688,50
center_bias_baseline,OutdoorNatural,model_auc,delta_center_distance,-0.2925810324129652,0.03921799725496591,50
center_bias_baseline,Pattern,model_nss,delta_entropy,0.17393809923389883,0.22702642007611568,50
center_bias_baseline,Pattern,model_nss,delta_num_peaks,-0.2996675473855283,0.03449562764414944,50
center_bias_baseline,Pattern,model_nss,delta_center_distance,0.7144777911164465,5.6443400409725114e-09,50
center_bias_baseline,Pattern,model_cc,delta_entropy,-0.559031864489734,2.4462181075325714e-05,50
center_bias_baseline,Pattern,model_cc,delta_num_peaks,0.3036663657558478,0.03204533872789983,50
center_bias_baseline,Pattern,model_cc,delta_center_distance,-0.12422569027611044,0.3900497503252508,50
center_bias_baseline,Pattern,model_auc,delta_entropy,0.11626287637914665,0.42137306074626335,50
center_bias_baseline,Pattern,model_auc,delta_num_peaks,-0.23895378066543346,0.09467633237127918,50
center_bias_baseline,Pattern,model_auc,delta_center_distance,0.6941176470588235,2.27338054579725e-08,50
center_bias_baseline,Random,model_nss,delta_entropy,0.20192076830732295,0.15966040442903717,50
center_bias_baseline,Random,model_nss,delta_num_peaks,-0.30741515451976786,0.029881170969769482,50
center_bias_baseline,Random,model_nss,delta_center_distance,0.04336134453781513,0.7649426494889897,50
center_bias_baseline,Random,model_cc,delta_entropy,-0.24763505402160862,0.08294029728514515,50
center_bias_baseline,Random,model_cc,delta_num_peaks,0.013120785918485192,0.9279414016865706,50
center_bias_baseline,Random,model_cc,delta_center_distance,-0.2270828331332533,0.11276170705793447,50
center_bias_baseline,Random,model_auc,delta_entropy,0.17262905162064823,0.23059688426227992,50
center_bias_baseline,Random,model_auc,delta_num_peaks,-0.2117792038250314,0.13982747039032833,50
center_bias_baseline,Random,model_auc,delta_center_distance,0.018487394957983194,0.8986000622543064,50
center_bias_baseline,Satelite,model_nss,delta_entropy,0.58031212484994,9.993734836250957e-06,50
center_bias_baseline,Satelite,model_nss,delta_num_peaks,0.17236024544638742,0.23133481703786932,50
center_bias_baseline,Satelite,model_nss,delta_center_distance,-0.7915966386554621,7.70897984924316e-12,50
center_bias_baseline,Satelite,model_cc,delta_entropy,0.1745498199279712,0.22537109097343716,50
center_bias_baseline,Satelite,model_cc,delta_num_peaks,0.14237597384941933,0.3239746544258575,50
center_bias_baseline,Satelite,model_cc,delta_center_distance,-0.5655222088835534,1.873979120229063e-05,50
center_bias_baseline,Satelite,model_auc,delta_entropy,0.46189675870348135,0.0007338056139319418,50
center_bias_baseline,Satelite,model_auc,delta_num_peaks,0.0667248675504899,0.6452318899199698,50
center_bias_baseline,Satelite,model_auc,delta_center_distance,-0.8698679471788715,2.4296179706277407e-16,50
center_bias_baseline,Sketch,model_nss,delta_entropy,0.30375795632548436,0.03199095464687803,50
center_bias_baseline,Sketch,model_nss,delta_num_peaks,-0.1895883108659165,0.18727589219019689,50
center_bias_baseline,Sketch,model_nss,delta_center_distance,0.9848259303721489,3.6075868681710917e-38,50
center_bias_baseline,Sketch,model_cc,delta_entropy,-0.08447592809115052,0.5597109735668941,50
center_bias_baseline,Sketch,model_cc,delta_num_peaks,0.28387111842728674,0.04573734327882254,50
center_bias_baseline,Sketch,model_cc,delta_center_distance,0.41771908763505405,0.002541739335413777,50
center_bias_baseline,Sketch,model_auc,delta_entropy,0.27095689953966534,0.05700558036297477,50
center_bias_baseline,Sketch,model_auc,delta_num_peaks,-0.11473672242489062,0.42753542528304234,50
center_bias_baseline,Sketch,model_auc,delta_center_distance,0.9806962785114045,1.1122252782878298e-35,50
center_bias_baseline,Social,model_nss,delta_entropy,0.22909963985594234,0.10951614352954006,50
center_bias_baseline,Social,model_nss,delta_num_peaks,-0.22163864113076726,0.12188933761888351,50
center_bias_baseline,Social,model_nss,delta_center_distance,-0.7979351740696278,3.968407520008375e-12,50
center_bias_baseline,Social,model_cc,delta_entropy,-0.0617046818727491,0.6703349815701657,50
center_bias_baseline,Social,model_cc,delta_num_peaks,-0.05738987835462314,0.6922007567981207,50
center_bias_baseline,Social,model_cc,delta_center_distance,-0.5979831932773109,4.523935638458913e-06,50
center_bias_baseline,Social,model_auc,delta_entropy,0.2494597839135654,0.08062527389948854,50
center_bias_baseline,Social,model_auc,delta_num_peaks,-0.12814319155050063,0.37515688997699437,50
center_bias_baseline,Social,model_auc,delta_center_distance,-0.8278031212484994,1.2250043613494538e-13,50
deepgazeiie,Action,model_nss,delta_entropy,-0.6577030812324931,1.7612928094449647e-05,35
deepgazeiie,Action,model_nss,delta_num_peaks,-0.22526551966160646,0.19322875564919714,35
deepgazeiie,Action,model_nss,delta_center_distance,-0.49887955182072835,0.002284404434709782,35
deepgazeiie,Action,model_cc,delta_entropy,-0.5563025210084035,0.0005201911951848622,35
deepgazeiie,Action,model_cc,delta_num_peaks,-0.1330729978476574,0.44601360175362914,35
deepgazeiie,Action,model_cc,delta_center_distance,-0.3089635854341736,0.07092702302828582,35
deepgazeiie,Action,model_auc,delta_entropy,-0.380952380952381,0.023958748979651275,35
deepgazeiie,Action,model_auc,delta_num_peaks,-0.34635630901662523,0.04152702489425872,35
deepgazeiie,Action,model_auc,delta_center_distance,-0.7448179271708684,2.8825417090797e-07,35
deepgazeiie,Affective,model_nss,delta_entropy,-0.526890756302521,0.0011465820592095719,35
deepgazeiie,Affective,model_nss,delta_num_peaks,-0.5555995486767742,0.0005305656593699899,35
deepgazeiie,Affective,model_nss,delta_center_distance,-0.5711484593837535,0.00033924760995638877,35
deepgazeiie,Affective,model_cc,delta_entropy,-0.3988795518207283,0.0176175243652412,35
deepgazeiie,Affective,model_cc,delta_num_peaks,-0.37682172347787346,0.025660157237105883,35
deepgazeiie,Affective,model_cc,delta_center_distance,-0.5428571428571429,0.000753294670384932,35
deepgazeiie,Affective,model_auc,delta_entropy,-0.6448179271708684,2.8994202549558594e-05,35
deepgazeiie,Affective,model_auc,delta_num_peaks,-0.4894432536150574,0.0028449473178141717,35
deepgazeiie,Affective,model_auc,delta_center_distance,-0.49971988795518213,0.0022395203288623823,35
deepgazeiie,Art,model_nss,delta_entropy,-0.5184873949579831,0.0014187238569029477,35
deepgazeiie,Art,model_nss,delta_num_peaks,-0.32588453532302936,0.05607381088037691,35
deepgazeiie,Art,model_nss,delta_center_distance,-0.2717086834733894,0.1143496681717616,35
deepgazeiie,Art,model_cc,delta_entropy,-0.44593837535014,0.0072545931381718335,35
deepgazeiie,Art,model_cc,delta_num_peaks,-0.32504100330752544,0.05675035900225726,35
deepgazeiie,Art,model_cc,delta_center_distance,-0.07703081232492998,0.6600642758322361,35
deepgazeiie,Art,model_auc,delta_entropy,-0.5296918767507003,0.001066701351676861,35
deepgazeiie,Art,model_auc,delta_num_peaks,-0.18417115671836432,0.2895570669750514,35
deepgazeiie,Art,model_auc,delta_center_distance,-0.33165266106442576,0.051617454711256,35
deepgazeiie,BlackWhite,model_nss,delta_entropy,-0.611764705882353,9.430710538252499e-05,35
deepgazeiie,BlackWhite,model_nss,delta_num_peaks,0.001565140395205783,0.9928804059987955,35
deepgazeiie,BlackWhite,model_nss,delta_center_distance,-0.02913165266106443,0.8680616198515847,35
deepgazeiie,BlackWhite,model_cc,delta_entropy,-0.5137254901960784,0.0015968739665548186,35
deepgazeiie,BlackWhite,model_cc,delta_num_peaks,0.09163185586477493,0.6006143263028894,35
deepgazeiie,BlackWhite,model_cc,delta_center_distance,-0.09019607843137256,0.6063571266688004,35
deepgazeiie,BlackWhite,model_auc,delta_entropy,-0.5042016806722689,0.002012907584737665,35
deepgazeiie,BlackWhite,model_auc,delta_num_peaks,0.21342823570987948,0.21830550257919693,35
deepgazeiie,BlackWhite,model_auc,delta_center_distance,0.004201680672268907,0.980888672465843,35
deepgazeiie,Cartoon,model_nss,delta_entropy,-0.39271708683473394,0.01961666795985781,35
deepgazeiie,Cartoon,model_nss,delta_num_peaks,-0.14372219081219145,0.4101206222249242,35
deepgazeiie,Cartoon,model_nss,delta_center_distance,-0.3182072829131653,0.062473013719331685,35
deepgazeiie,Cartoon,model_cc,delta_entropy,-0.403921568627451,0.016111203179887526,35
deepgazeiie,Cartoon,model_cc,delta_num_peaks,-0.14372219081219145,0.4101206222249242,35
deepgazeiie,Cartoon,model_cc,delta_center_distance,-0.18151260504201683,0.2966964525924604,35
deepgazeiie,Cartoon,model_auc,delta_entropy,-0.43501400560224085,0.009011838924984694,35
deepgazeiie,Cartoon,model_auc,delta_num_peaks,-0.022781795412500014,0.8966449131411007,35
deepgazeiie,Cartoon,model_auc,delta_center_distance,-0.44453781512605045,0.007462051606138821,35
deepgazeiie,Fractal,model_nss,delta_entropy,-0.46834733893557423,0.004546866801636353,35
deepgazeiie,Fractal,model_nss,delta_num_peaks,-0.11376856836943776,0.5152155797521476,35
deepgazeiie,Fractal,model_nss,delta_center_distance,0.10980392156862746,0.5300563874467288,35
deepgazeiie,Fractal,model_cc,delta_entropy,-0.6389355742296919,3.612894917148411e-05,35
deepgazeiie,Fractal,model_cc,delta_num_peaks,-0.20568567689096617,0.23586473974648428,35
deepgazeiie,Fractal,model_cc,delta_center_distance,-0.05322128851540616,0.7614008668523369,35
deepgazeiie,Fractal,model_auc,delta_entropy,-0.6638655462184875,1.3760757544294391e-05,35
deepgazeiie,Fractal,model_auc,delta_num_peaks,-0.10953925356016499,0.5310544360409781,35
deepgazeiie,Fractal,model_auc,delta_center_distance,0.19971988795518206,0.25002750656074696,35
deepgazeiie,Indoor,model_nss,delta_entropy,-0.3142857142857143,0.0659568587471358,35
deepgazeiie,Indoor,model_nss,delta_num_peaks,-0.13040189133634958,0.4552764890783231,35
deepgazeiie,Indoor,model_nss,delta_center_distance,-0.3053221288515406,0.07449304342670053,35
deepgazeiie,Indoor,model_cc,delta_entropy,-0.16358543417366947,0.3477392631469135,35
deepgazeiie,Indoor,model_cc,delta_num_peaks,-0.028384894450369198,0.8714152684965568,35
deepgazeiie,Indoor,model_cc,delta_center_distance,-0.2677871148459384,0.11988099145844351,35
deepgazeiie,Indoor,model_auc,delta_entropy,-0.11820728291316528,0.4988480889576118,35
deepgazeiie,Indoor,model_auc,delta_num_peaks,-0.17944311986693792,0.3023309736283608,35
deepgazeiie,Indoor,model_auc,delta_center_distance,-0.5960784313725491,0.00015780585485779383,35
deepgazeiie,Inverted,model_nss,delta_entropy,-0.6602240896358544,1.5932195700020577e-05,35
deepgazeiie,Inverted,model_nss,delta_num_peaks,-0.18155122146628097,0.2965919538205193,35
deepgazeiie,Inverted,model_nss,delta_center_distance,-0.23193277310924368,0.18002886978801397,35
deepgazeiie,Inverted,model_cc,delta_entropy,-0.5722689075630253,0.00032820584815030615,35
deepgazeiie,Inverted,model_cc,delta_num_peaks,-0.17845739739791677,0.3050384756754805,35
deepgazeiie,Inverted,model_cc,delta_center_distance,-0.16442577030812328,0.3452342144883487,35
deepgazeiie,Inverted,model_auc,delta_entropy,-0.6703081232492997,1.0566408015199853e-05,35
deepgazeiie,Inverted,model_auc,delta_num_peaks,-0.006750161603703707,0.969301343973675,35
deepgazeiie,Inverted,model_auc,delta_center_distance,-0.4025210084033614,0.01651837465915697,35
deepgazeiie,Jumbled,model_nss,delta_entropy,-0.1854341736694678,0.28620430580549244,35
deepgazeiie,Jumbled,model_nss,delta_num_peaks,-0.09840533168285318,0.57384436615206,35
deepgazeiie,Jumbled,model_nss,delta_center_distance,-0.29327731092436976,0.0872903518640532,35
deepgazeiie,Jumbled,model_cc,delta_entropy,-0.2123249299719888,0.22075132518640805,35
deepgazeiie,Jumbled,model_cc,delta_num_peaks,-0.061113397630129275,0.727278959588944,35
deepgazeiie,Jumbled,model_cc,delta_center_distance,-0.10224089635854341,0.5589289202330442,35
deepgazeiie,Jumbled,model_auc,delta_entropy,-0.2784313725490196,0.10531619889839995,35
deepgazeiie,Jumbled,model_auc,delta_num_peaks,-0.013470470475318515,0.938781432347748,35
deepgazeiie,Jumbled,model_auc,delta_center_distance,-0.5369747899159664,0.0008815093593815281,35
deepgazeiie,LineDrawing,model_nss,delta_entropy,-0.1980392156862745,0.2541175508725182,35
deepgazeiie,LineDrawing,model_nss,delta_num_peaks,-0.12027479143198005,0.49131532922818333,35
deepgazeiie,LineDrawing,model_nss,delta_center_distance,0.09523809523809525,0.5862947134611407,35
deepgazeiie,LineDrawing,model_cc,delta_entropy,-0.21820728291316527,0.20792593242671367,35
deepgazeiie,LineDrawing,model_cc,delta_num_peaks,-0.12309814334352889,0.4811236388118778,35
deepgazeiie,LineDrawing,model_cc,delta_center_distance,0.1504201680672269,0.38841157292044903,35
deepgazeiie,LineDrawing,model_auc,delta_entropy,0.04005602240896359,0.819288739113402,35
deepgazeiie,LineDrawing,model_auc,delta_num_peaks,-0.036138904467824993,0.8367103541824711,35
deepgazeiie,LineDrawing,model_auc,delta_center_distance,-0.19887955182072833,0.2520670130534286,35
deepgazeiie,LowResolution,model_nss,delta_entropy,-0.0504201680672269,0.7736226328136039,35
deepgazeiie,LowResolution,model_nss,delta_num_peaks,-0.14442987382265007,0.4077949835052326,35
deepgazeiie,LowResolution,model_nss,delta_center_distance,0.05854341736694678,0.7383374395409854,35
deepgazeiie,LowResolution,model_cc,delta_entropy,-0.18375350140056024,0.29067128676550474,35
deepgazeiie,LowResolution,model_cc,delta_num_peaks,-0.1610569227115015,0.35534302843051047,35
deepgazeiie,LowResolution,model_cc,delta_center_distance,-0.19523809523809524,0.2610324576861602,35
deepgazeiie,LowResolution,model_auc,delta_entropy,-0.21344537815126052,0.2182676481021393,35
deepgazeiie,LowResolution,model_auc,delta_num_peaks,-0.11455754870030684,0.5122869613495197,35
deepgazeiie,LowResolution,model_auc,delta_center_distance,0.08319327731092437,0.6346953278613922,35
deepgazeiie,Noisy,model_nss,delta_entropy,-0.4759103641456583,0.0038562324248526607,35
deepgazeiie,Noisy,model_nss,delta_num_peaks,0.049775533764592116,0.7764429927596462,35
deepgazeiie,Noisy,model_nss,delta_center_distance,-0.14985994397759103,0.39020131120452484,35
deepgazeiie,Noisy,model_cc,delta_entropy,-0.37507002801120454,0.02641115652772434,35
deepgazeiie,Noisy,model_cc,delta_num_peaks,0.037930930829108436,0.828730208214944,35
deepgazeiie,Noisy,model_cc,delta_center_distance,-0.134733893557423,0.4403059689302583,35
deepgazeiie,Noisy,model_auc,delta_entropy,-0.6268907563025211,5.590059146357686e-05,35
deepgazeiie,Noisy,model_auc,delta_num_peaks,-0.09306473735022885,0.5949066090958807,35
deepgazeiie,Noisy,model_auc,delta_center_distance,-0.3322128851540616,0.05120014543420856,35
deepgazeiie,Object,model_nss,delta_entropy,-0.43333333333333335,0.009311974573882616,35
deepgazeiie,Object,model_nss,delta_num_peaks,-0.16634183005827702,0.339563591456411,35
deepgazeiie,Object,model_nss,delta_center_distance,0.11960784313725492,0.49373890377186136,35
deepgazeiie,Object,model_cc,delta_entropy,-0.3019607843137255,0.07790729593357243,35
deepgazeiie,Object,model_cc,delta_num_peaks,-0.03923961119323458,0.8229130548557951,35
deepgazeiie,Object,model_cc,delta_center_distance,-0.005322128851540616,0.9757936529576228,35
deepgazeiie,Object,model_auc,delta_entropy,-0.3899159663865546,0.020585909016191416,35
deepgazeiie,Object,model_auc,delta_num_peaks,0.03909743868891127,0.8235445757302223,35
deepgazeiie,Object,model_auc,delta_center_distance,-0.04761904761904762,0.7858981617773171,35
deepgazeiie,OutdoorManMade,model_nss,delta_entropy,-0.4557422969187675,0.00593581134671078,35
deepgazeiie,OutdoorManMade,model_nss,delta_num_peaks,-0.2956175592512913,0.08468005995907198,35
deepgazeiie,OutdoorManMade,model_nss,delta_center_distance,-0.334733893557423,0.04935546610859467,35
deepgazeiie,OutdoorManMade,model_cc,delta_entropy,-0.365826330532213,0.03068002122049488,35
deepgazeiie,OutdoorManMade,model_cc,delta_num_peaks,-0.299842679202477,0.08012035133553573,35
deepgazeiie,OutdoorManMade,model_cc,delta_center_distance,-0.3291316526610644,0.053529046508564694,35
deepgazeiie,OutdoorManMade,model_auc,delta_entropy,-0.4120448179271709,0.013911883982062261,35
deepgazeiie,OutdoorManMade,model_auc,delta_num_peaks,-0.1564702755255763,0.36938893228427816,35
deepgazeiie,OutdoorManMade,model_auc,delta_center_distance,-0.48627450980392156,0.0030583012331011155,35
deepgazeiie,OutdoorNatural,model_nss,delta_entropy,-0.25238095238095243,0.1435553937715689,35
deepgazeiie,OutdoorNatural,model_nss,delta_num_peaks,0.04897122161426807,0.779965905958881,35
deepgazeiie,OutdoorNatural,model_nss,delta_center_distance,-0.3966386554621849,0.01832381585717595,35
deepgazeiie,OutdoorNatural,model_cc,delta_entropy,-0.10056022408963586,0.5654424530684476,35
deepgazeiie,OutdoorNatural,model_cc,delta_num_peaks,0.25558179349694377,0.13837563645439616,35
deepgazeiie,OutdoorNatural,model_cc,delta_center_distance,-0.46330532212885156,0.005064470401007843,35
deepgazeiie,OutdoorNatural,model_auc,delta_entropy,-0.3366946778711485,0.04795779409450278,35
deepgazeiie,OutdoorNatural,model_auc,delta_num_peaks,-0.18050199551772006,0.2994395820184745,35
deepgazeiie,OutdoorNatural,model_auc,delta_center_distance,-0.31456582633053226,0.06570305803690867,35
deepgazeiie,Pattern,model_nss,delta_entropy,0.06414565826330533,0.714300798287814,35
deepgazeiie,Pattern,model_nss,delta_num_peaks,0.035860233519675946,0.8379527772938045,35
deepgazeiie,Pattern,model_nss,delta_center_distance,0.10364145658263306,0.5535276714987678,35
deepgazeiie,Pattern,model_cc,delta_entropy,0.0025210084033613447,0.9885325340993036,35
deepgazeiie,Pattern,model_cc,delta_num_peaks,-0.051469982228240764,0.7690356674608587,35
deepgazeiie,Pattern,model_cc,delta_center_distance,0.010084033613445379,0.9541527197232413,35
deepgazeiie,Pattern,model_auc,delta_entropy,0.06022408963585435,0.7310996044236966,35
deepgazeiie,Pattern,model_auc,delta_num_peaks,0.18295750513371925,0.29280244999821364,35
deepgazeiie,Pattern,model_auc,delta_center_distance,0.2470588235294118,0.1524795741839751,35
deepgazeiie,Random,model_nss,delta_entropy,-0.34425770308123255,0.04286104549975795,35
deepgazeiie,Random,model_nss,delta_num_peaks,-0.05719470325434195,0.7441617661316127,35
deepgazeiie,Random,model_nss,delta_center_distance,-0.37675070028011204,0.02569026045055829,35
deepgazeiie,Random,model_cc,delta_entropy,-0.1557422969187675,0.37164811538795484,35
deepgazeiie,Random,model_cc,delta_num_peaks,0.03029620419908212,0.8628362220961574,35
deepgazeiie,Random,model_cc,delta_center_distance,-0.42352941176470593,0.011237511955802396,35
deepgazeiie,Random,model_auc,delta_entropy,-0.49439775910364153,0.002537297503258121,35
deepgazeiie,Random,model_auc,delta_num_peaks,-0.2376977890199013,0.1691413240629025,35
deepgazeiie,Random,model_auc,delta_center_distance,-0.25406162464985993,0.14081825154038652,35
deepgazeiie,Satelite,model_nss,delta_entropy,-0.215406162464986,0.2139674319209404,35
deepgazeiie,Satelite,model_nss,delta_num_peaks,0.03438623038875947,0.8445307973126763,35
deepgazeiie,Satelite,model_nss,delta_center_distance,-0.42633053221288525,0.010655758315321435,35
deepgazeiie,Satelite,model_cc,delta_entropy,-0.1689075630252101,0.33206004853574145,35
deepgazeiie,Satelite,model_cc,delta_num_peaks,0.1529059834910001,0.38052788760108947,35
deepgazeiie,Satelite,model_cc,delta_center_distance,-0.26022408963585436,0.13110913041566094,35
deepgazeiie,Satelite,model_auc,delta_entropy,-0.130812324929972,0.4538465052536944,35
deepgazeiie,Satelite,model_auc,delta_num_peaks,-0.028044507571160386,0.8729446620173129,35
deepgazeiie,Satelite,model_auc,delta_center_distance,-0.4092436974789916,0.014639811165244907,35
deepgazeiie,Sketch,model_nss,delta_entropy,-0.5546218487394958,0.0005452999065311339,35
deepgazeiie,Sketch,model_nss,delta_num_peaks,0.12166328934674696,0.48628938381276565,35
deepgazeiie,Sketch,model_nss,delta_center_distance,-0.2092436974789916,0.22768083476067302,35
deepgazeiie,Sketch,model_cc,delta_entropy,-0.4722689075630252,0.004176494696752703,35
deepgazeiie,Sketch,model_cc,delta_num_peaks,0.2028661336847843,0.24248933341732695,35
deepgazeiie,Sketch,model_cc,delta_center_distance,-0.3378151260504202,0.04717347540280071,35
deepgazeiie,Sketch,model_auc,delta_entropy,-0.6400560224089636,3.4658527761155374e-05,35
deepgazeiie,Sketch,model_auc,delta_num_peaks,0.22936983982289375,0.185025185354773,35
deepgazeiie,Sketch,model_auc,delta_center_distance,-0.1862745098039216,0.2839874926200461,35
deepgazeiie,Social,model_nss,delta_entropy,-0.4722689075630252,0.004176494696752703,35
deepgazeiie,Social,model_nss,delta_num_peaks,-0.14098458967018604,0.41918761057661047,35
deepgazeiie,Social,model_nss,delta_center_distance,-0.38907563025210085,0.020884326175714323,35
deepgazeiie,Social,model_cc,delta_entropy,-0.27815126050420175,0.10568146696286135,35
deepgazeiie,Social,model_cc,delta_num_peaks,-0.018684704655084896,0.9151580240196626,35
deepgazeiie,Social,model_cc,delta_center_distance,-0.3047619047619048,0.07505384180152676,35
deepgazeiie,Social,model_auc,delta_entropy,-0.43585434173669474,0.008864885321191082,35
deepgazeiie,Social,model_auc,delta_num_peaks,-0.02378053319738078,0.892139768152902,35
deepgazeiie,Social,model_auc,delta_center_distance,-0.6431372549019609,3.0889722715793246e-05,35
samresnet,Action,model_nss,delta_entropy,-0.8050420168067226,1.8319744471788598e-12,50
samresnet,Action,model_nss,delta_num_peaks,-0.5386391647707794,5.4553530363863854e-05,50
samresnet,Action,model_nss,delta_center_distance,-0.1408403361344538,0.3292743181105482,50
samresnet,Action,model_cc,delta_entropy,-0.7939015606242497,6.071427672472872e-12,50
samresnet,Action,model_cc,delta_num_peaks,-0.5474338620542424,3.8848672349432014e-05,50
samresnet,Action,model_cc,delta_center_distance,-0.27836734693877546,0.05029459306826428,50
samresnet,Action,model_auc,delta_entropy,-0.6199759903961585,1.5753437331444849e-06,50
samresnet,Action,model_auc,delta_num_peaks,-0.3181469727678944,0.024347880778075225,50
samresnet,Action,model_auc,delta_center_distance,-0.2103721488595438,0.1425399358196239,50
samresnet,Affective,model_nss,delta_entropy,-0.7948619447779111,5.49152139282219e-12,50
samresnet,Affective,model_nss,delta_num_peaks,-0.2153920053944344,0.13303920844796502,50
samresnet,Affective,model_nss,delta_center_distance,-0.22804321728691473,0.11120716442916799,50
samresnet,Affective,model_cc,delta_entropy,-0.8289555822328931,1.0571684028053179e-13,50
samresnet,Affective,model_cc,delta_num_peaks,-0.16376515906243508,0.25579006503517626,50
samresnet,Affective,model_cc,delta_center_distance,-0.27442977190876344,0.053775852294448166,50
samresnet,Affective,model_auc,delta_entropy,-0.7427130852340935,6.620304662551505e-10,50
samresnet,Affective,model_auc,delta_num_peaks,-0.060559491371768505,0.6761129667700245,50
samresnet,Affective,model_auc,delta_center_distance,-0.39553421368547415,0.0044683241623154225,50
samresnet,Art,model_nss,delta_entropy,-0.720720288115246,3.593974465739134e-09,50
samresnet,Art,model_nss,delta_num_peaks,-0.24529888701483338,0.0859799381649603,50
samresnet,Art,model_nss,delta_center_distance,-0.3354141656662665,0.017257252124780284,50
samresnet,Art,model_cc,delta_entropy,-0.7169747899159663,4.718691006175704e-09,50
samresnet,Art,model_cc,delta_num_peaks,-0.24035160184496301,0.09270422595515054,50
samresnet,Art,model_cc,delta_center_distance,-0.3485714285714286,0.013109520074756067,50
samresnet,Art,model_auc,delta_entropy,-0.7720048019207683,5.237252803276668e-11,50
samresnet,Art,model_auc,delta_num_peaks,-0.22008214221695055,0.12459902991462106,50
samresnet,Art,model_auc,delta_center_distance,-0.5419927971188475,4.798250455413052e-05,50
samresnet,BlackWhite,model_nss,delta_entropy,-0.7543337334933973,2.524200511379552e-10,50
samresnet,BlackWhite,model_nss,delta_num_peaks,-0.4663656493137719,0.0006410333725419369,50
samresnet,BlackWhite,model_nss,delta_center_distance,-0.3218727490996398,0.022640216095355513,50
samresnet,BlackWhite,model_cc,delta_entropy,-0.6556062424969987,2.3759739720182145e-07,50
samresnet,BlackWhite,model_cc,delta_num_peaks,-0.4180281422861957,0.0025211616987399666,50
samresnet,BlackWhite,model_cc,delta_center_distance,-0.324657863145258,0.02143052314134948,50
samresnet,BlackWhite,model_auc,delta_entropy,-0.48024009603841533,0.00041636344865235685,50
samresnet,BlackWhite,model_auc,delta_num_peaks,0.03469153088857854,0.8109709643256434,50
samresnet,BlackWhite,model_auc,delta_center_distance,-0.3806482593037215,0.006391231425979754,50
samresnet,Cartoon,model_nss,delta_entropy,-0.6761584633853541,7.092000896654679e-08,50
samresnet,Cartoon,model_nss,delta_num_peaks,-0.16815158530160385,0.2431006516800896,50
samresnet,Cartoon,model_nss,delta_center_distance,-0.1714765906362545,0.23377208557308893,50
samresnet,Cartoon,model_cc,delta_entropy,-0.6375510204081631,6.386236451763061e-07,50
samresnet,Cartoon,model_cc,delta_num_peaks,-0.06003698418366318,0.6787554170950229,50
samresnet,Cartoon,model_cc,delta_center_distance,-0.11279711884753903,0.4354400775517008,50
samresnet,Cartoon,model_auc,delta_entropy,-0.7034333733493396,1.2192745035952903e-08,50
samresnet,Cartoon,model_auc,delta_num_peaks,0.03650248638366722,0.801298462511347,50
samresnet,Cartoon,model_auc,delta_center_distance,-0.10914765906362545,0.45053212807355436,50
samresnet,Fractal,model_nss,delta_entropy,-0.5366146458583434,5.8909680413294326e-05,50
samresnet,Fractal,model_nss,delta_num_peaks,-0.05561692624607611,0.7012591699642008,50
samresnet,Fractal,model_nss,delta_center_distance,-0.07332533013205282,0.612817029853862,50
samresnet,Fractal,model_cc,delta_entropy,-0.6253541416566627,1.2021166642918634e-06,50
samresnet,Fractal,model_cc,delta_num_peaks,-0.03275539179604828,0.8213430492683519,50
samresnet,Fractal,model_cc,delta_center_distance,-0.1598559423769508,0.267468204682572,50
samresnet,Fractal,model_auc,delta_entropy,-0.638031212484994,6.22564281873702e-07,50
samresnet,Fractal,model_auc,delta_num_peaks,0.010278084815768815,0.9435245814132258,50
samresnet,Fractal,model_auc,delta_center_distance,-0.0914765906362545,0.5275151924652706,50
samresnet,Indoor,model_nss,delta_entropy,-0.4674669867947179,0.0006198570466169155,50
samresnet,Indoor,model_nss,delta_num_peaks,0.15086818173361885,0.2956453034450959,50
samresnet,Indoor,model_nss,delta_center_distance,-0.32984393757503,0.019322931803632874,50
samresnet,Indoor,model_cc,delta_entropy,-0.4440336134453781,0.0012372161098698888,50
samresnet,Indoor,model_cc,delta_num_peaks,0.21777661126400127,0.12869596418531937,50
samresnet,Indoor,model_cc,delta_center_distance,-0.38103241296518603,0.0063337449648724325,50
samresnet,Indoor,model_auc,delta_entropy,-0.5469867947178871,3.953405170537382e-05,50
samresnet,Indoor,model_auc,delta_num_peaks,0.2999111514628196,0.03434205197600722,50
samresnet,Indoor,model_auc,delta_center_distance,-0.43106842737094836,0.0017766676671046185,50
samresnet,Inverted,model_nss,delta_entropy,-0.7083313325330132,8.702746610269569e-09,50
samresnet,Inverted,model_nss,delta_num_peaks,-0.20175334562623665,0.16001413100247722,50
samresnet,Inverted,model_nss,delta_center_distance,-0.15803121248499397,0.2730388902522869,50
samresnet,Inverted,model_cc,delta_entropy,-0.6600240096038416,1.846600091786311e-07,50
samresnet,Inverted,model_cc,delta_num_peaks,-0.10798607642090001,0.45539523465941556,50
samresnet,Inverted,model_cc,delta_center_distance,-0.2506122448979592,0.07918953692045277,50
samresnet,Inverted,model_auc,delta_entropy,-0.599327731092437,4.2509193494719295e-06,50
samresnet,Inverted,model_auc,delta_num_peaks,-0.09429567082483395,0.5148139325232889,50
samresnet,Inverted,model_auc,delta_center_distance,-0.24254501800720288,0.0896742082442491,50
samresnet,Jumbled,model_nss,delta_entropy,-0.5490036014405761,3.652769273597557e-05,50
samresnet,Jumbled,model_nss,delta_num_peaks,-0.11743234106324518,0.41668529809511246,50
samresnet,Jumbled,model_nss,delta_center_distance,-0.44364945978391357,0.0012508092957214275,50
samresnet,Jumbled,model_cc,delta_entropy,-0.5469867947178871,3.953405170537382e-05,50
samresnet,Jumbled,model_cc,delta_num_peaks,-0.22180063436812525,0.12160990877730224,50
samresnet,Jumbled,model_cc,delta_center_distance,-0.35327731092436976,0.011849566194139512,50
samresnet,Jumbled,model_auc,delta_entropy,-0.7123649459783913,6.55842733606437e-09,50
samresnet,Jumbled,model_auc,delta_num_peaks,0.08717370103467895,0.5471953765763413,50
samresnet,Jumbled,model_auc,delta_center_distance,-0.5440096038415366,4.438900877628447e-05,50
samresnet,LineDrawing,model_nss,delta_entropy,-0.30698679471788715,0.03012213361429978,50
samresnet,LineDrawing,model_nss,delta_num_peaks,0.22189125989398295,0.1214537967807691,50
samresnet,LineDrawing,model_nss,delta_center_distance,-0.2640576230492197,0.06388483542217518,50
samresnet,LineDrawing,model_cc,delta_entropy,-0.3592316926770708,0.01040548343774172,50
samresnet,LineDrawing,model_cc,delta_num_peaks,-0.006198348316657385,0.9659241291641184,50
samresnet,LineDrawing,model_cc,delta_center_distance,-0.21623049219687873,0.13149966682156117,50
samresnet,LineDrawing,model_auc,delta_entropy,-0.3395438175270108,0.015849652171342647,50
samresnet,LineDrawing,model_auc,delta_num_peaks,0.42864701808450023,0.0018979424361834653,50
samresnet,LineDrawing,model_auc,delta_center_distance,-0.15418967587034815,0.2850161828280251,50
samresnet,LowResolution,model_nss,delta_entropy,-0.4071548619447779,0.0033407908171138767,50
samresnet,LowResolution,model_nss,delta_num_peaks,0.14894332802224922,0.30192113244274466,50
samresnet,LowResolution,model_nss,delta_center_distance,-0.5624489795918367,2.1274869669583374e-05,50
samresnet,LowResolution,model_cc,delta_entropy,-0.3833373349339736,0.005998195621480972,50
samresnet,LowResolution,model_cc,delta_num_peaks,0.09346782209974104,0.5185277485240978,50
samresnet,LowResolution,model_cc,delta_center_distance,-0.6330372148859543,8.09644217702108e-07,50
samresnet,LowResolution,model_auc,delta_entropy,-0.3857382953181272,0.0056652573188375995,50
samresnet,LowResolution,model_auc,delta_num_peaks,0.24236311938093183,0.08992251157971531,50
samresnet,LowResolution,model_auc,delta_center_distance,-0.47466986794717886,0.0004962081662593747,50
samresnet,Noisy,model_nss,delta_entropy,-0.6433133253301321,4.690805797980734e-07,50
samresnet,Noisy,model_nss,delta_num_peaks,-0.18970529768284802,0.1869988404842103,50
samresnet,Noisy,model_nss,delta_center_distance,-0.19884753901560623,0.1662451438859902,50
samresnet,Noisy,model_cc,delta_entropy,-0.6201680672268908,1.5603401904156996e-06,50
samresnet,Noisy,model_cc,delta_num_peaks,-0.2089208254299078,0.14537851932456913,50
samresnet,Noisy,model_cc,delta_center_distance,-0.24763505402160862,0.08294029728514515,50
samresnet,Noisy,model_auc,delta_entropy,-0.7451140456182472,5.447504681200046e-10,50
samresnet,Noisy,model_auc,delta_num_peaks,-0.11466866183057943,0.4278114214690727,50
samresnet,Noisy,model_auc,delta_center_distance,-0.38967587034813916,0.00515411398465411,50
samresnet,Object,model_nss,delta_entropy,-0.7002641056422568,1.5111313195491905e-08,50
samresnet,Object,model_nss,delta_num_peaks,-0.24162048077942827,0.09094182514058355,50
samresnet,Object,model_nss,delta_center_distance,-0.1036734693877551,0.47369839364716915,50
samresnet,Object,model_cc,delta_entropy,-0.5885714285714285,6.9401504560983455e-06,50
samresnet,Object,model_cc,delta_num_peaks,-0.3560874627238591,0.011147914086769942,50
samresnet,Object,model_cc,delta_center_distance,-0.21747899159663864,0.12923213578725973,50
samresnet,Object,model_auc,delta_entropy,-0.5199039615846338,0.00010904583959964232,50
samresnet,Object,model_auc,delta_num_peaks,-0.14498189946530132,0.3151051832661301,50
samresnet,Object,model_auc,delta_center_distance,-0.10396158463385353,0.4724635245370603,50
samresnet,OutdoorManMade,model_nss,delta_entropy,-0.6277551020408163,1.0636635803798967e-06,50
samresnet,OutdoorManMade,model_nss,delta_num_peaks,0.25244957500320603,0.0769423078357149,50
samresnet,OutdoorManMade,model_nss,delta_center_distance,-0.15303721488595437,0.28867544635981984,50
samresnet,OutdoorManMade,model_cc,delta_entropy,-0.5939495798319328,5.4436002795314875e-06,50
samresnet,OutdoorManMade,model_cc,delta_num_peaks,0.24221902715775648,0.09011958685356469,50
samresnet,OutdoorManMade,model_cc,delta_center_distance,-0.21853541416566627,0.12733653122093552,50
samresnet,OutdoorManMade,model_auc,delta_entropy,-0.4799519807923169,0.00042018963179606193,50
samresnet,OutdoorManMade,model_auc,delta_num_peaks,0.06368876264350289,0.6603691512270491,50
samresnet,OutdoorManMade,model_auc,delta_center_distance,-0.2552220888355342,0.07364687069536728,50
samresnet,OutdoorNatural,model_nss,delta_entropy,-0.7040096038415365,1.1722645758677607e-08,50
samresnet,OutdoorNatural,model_nss,delta_num_peaks,0.2795466564303797,0.049288302105446775,50
samresnet,OutdoorNatural,model_nss,delta_center_distance,-0.3097719087635054,0.028583960284307375,50
samresnet,OutdoorNatural,model_cc,delta_entropy,-0.5966386554621849,4.813130650078683e-06,50
samresnet,OutdoorNatural,model_cc,delta_num_peaks,0.1347068152013769,0.3509802755127458,50
samresnet,OutdoorNatural,model_cc,delta_center_distance,-0.2539735894357743,0.07511674187585675,50
samresnet,OutdoorNatural,model_auc,delta_entropy,-0.623625450180072,1.3119964518917267e-06,50
samresnet,OutdoorNatural,model_auc,delta_num_peaks,0.32545742838493097,0.021093477474825536,50
samresnet,OutdoorNatural,model_auc,delta_center_distance,-0.39150060024009603,0.004931252013916895,50
samresnet,Pattern,model_nss,delta_entropy,-0.5992316926770708,4.269901989659587e-06,50
samresnet,Pattern,model_nss,delta_num_peaks,-0.052313017265496635,0.7182489243159633,50
samresnet,Pattern,model_nss,delta_center_distance,-0.11078031212484994,0.44374524249389125,50
samresnet,Pattern,model_cc,delta_entropy,-0.5393037214885954,5.318931576181155e-05,50
samresnet,Pattern,model_cc,delta_num_peaks,0.31560745953564084,0.025572739387881585,50
samresnet,Pattern,model_cc,delta_center_distance,-0.1007923169267707,0.486141066886281,50
samresnet,Pattern,model_auc,delta_entropy,-0.34597839135654257,0.013851564396048281,50
samresnet,Pattern,model_auc,delta_num_peaks,-0.08488255418561301,0.5578159667468048,50
samresnet,Pattern,model_auc,delta_center_distance,-0.47409363745498195,0.0005052103545705479,50
samresnet,Random,model_nss,delta_entropy,-0.7830492196878751,1.8219402888201368e-11,50
samresnet,Random,model_nss,delta_num_peaks,-0.1965370714236398,0.1713242280855464,50
samresnet,Random,model_nss,delta_center_distance,-0.022521008403361343,0.8766326204036272,50
samresnet,Random,model_cc,delta_entropy,-0.7144777911164465,5.6443400409725114e-09,50
samresnet,Random,model_cc,delta_num_peaks,-0.1904373138305796,0.18527191121487774,50
samresnet,Random,model_cc,delta_center_distance,-0.1733013205282113,0.22875845435870848,50
samresnet,Random,model_auc,delta_entropy,-0.746266506602641,4.956988286477411e-10,50
samresnet,Random,model_auc,delta_num_peaks,-0.14500132420038334,0.3150396554567508,50
samresnet,Random,model_auc,delta_center_distance,-0.0453781512605042,0.7543433771682858,50
samresnet,Satelite,model_nss,delta_entropy,-0.38007202881152463,0.0064783132639392674,50
samresnet,Satelite,model_nss,delta_num_peaks,0.10086455622274214,0.4858270137929501,50
samresnet,Satelite,model_nss,delta_center_distance,-0.3407923169267707,0.015443841091802895,50
samresnet,Satelite,model_cc,delta_entropy,-0.38189675870348133,0.006206045046735882,50
samresnet,Satelite,model_cc,delta_num_peaks,0.14865514357589857,0.3028680686364396,50
samresnet,Satelite,model_cc,delta_center_distance,-0.29162064825930367,0.03989705391978194,50
samresnet,Satelite,model_auc,delta_entropy,-0.521344537815126,0.00010353871480669665,50
samresnet,Satelite,model_auc,delta_num_peaks,0.04231508287249325,0.7704582271592717,50
samresnet,Satelite,model_auc,delta_center_distance,-0.4271308523409364,0.001977574168753068,50
samresnet,Sketch,model_nss,delta_entropy,-0.6938295318127251,2.3167493998792575e-08,50
samresnet,Sketch,model_nss,delta_num_peaks,-0.18599625499997602,0.19592604539996403,50
samresnet,Sketch,model_nss,delta_center_distance,-0.4012965186074429,0.003873221094815566,50
samresnet,Sketch,model_cc,delta_entropy,-0.4661224489795918,0.0006457964823605133,50
samresnet,Sketch,model_cc,delta_num_peaks,-0.3596023644306276,0.0103208318113432,50
samresnet,Sketch,model_cc,delta_center_distance,-0.3635534213685474,0.00945475671513011,50
samresnet,Sketch,model_auc,delta_entropy,-0.3760384153661464,0.007117337865342395,50
samresnet,Sketch,model_auc,delta_num_peaks,0.18729289814095185,0.1927714490181997,50
samresnet,Sketch,model_auc,delta_center_distance,-0.6462905162064825,3.9894713222835525e-07,50
samresnet,Social,model_nss,delta_entropy,-0.6761584633853541,7.092000896654679e-08,50
samresnet,Social,model_nss,delta_num_peaks,-0.25459441270582817,0.07438296760483212,50
samresnet,Social,model_nss,delta_center_distance,-0.10924369747899158,0.45013133056791854,50
samresnet,Social,model_cc,delta_entropy,-0.5620648259303721,2.161305735849683e-05,50
samresnet,Social,model_cc,delta_num_peaks,-0.1065654665751136,0.46138148145224733,50
samresnet,Social,model_cc,delta_center_distance,-0.2674189675870348,0.060454662657559215,50
samresnet,Social,model_auc,delta_entropy,-0.5863625450180071,7.65855283977965e-06,50
samresnet,Social,model_auc,delta_num_peaks,-0.079996168551652,0.5807856352525016,50
samresnet,Social,model_auc,delta_center_distance,-0.18895558223289313,0.18877942614349422,50
transalnet,Action,model_nss,delta_entropy,-0.44086434573829525,0.001353418617132749,50
transalnet,Action,model_nss,delta_num_peaks,-0.137723404977733,0.3401973748567816,50
transalnet,Action,model_nss,delta_center_distance,-0.34348139255702276,0.014599769816461937,50
transalnet,Action,model_cc,delta_entropy,-0.5045378151260504,0.00018685664014501797,50
transalnet,Action,model_cc,delta_num_peaks,-0.14342163842351577,0.3203969172778756,50
transalnet,Action,model_cc,delta_center_distance,-0.6077791116446578,2.8556633084335173e-06,50
transalnet,Action,model_auc,delta_entropy,-0.47505402160864346,0.0004902874049377517,50
transalnet,Action,model_auc,delta_num_peaks,-0.12231885862854057,0.3974229365602885,50
transalnet,Action,model_auc,delta_center_distance,-0.3554861944777911,0.011294959761880557,50
transalnet,Affective,model_nss,delta_entropy,-0.6824009603841537,4.818986794636836e-08,50
transalnet,Affective,model_nss,delta_num_peaks,-0.3332553556309524,0.018034409105102588,50
transalnet,Affective,model_nss,delta_center_distance,-0.3302280912364946,0.01917404842487769,50
transalnet,Affective,model_cc,delta_entropy,-0.6037454981992797,3.4577008147710818e-06,50
transalnet,Affective,model_cc,delta_num_peaks,-0.26751044601558954,0.060363419676534844,50
transalnet,Affective,model_cc,delta_center_distance,-0.485906362545018,0.0003472384668953794,50
transalnet,Affective,model_auc,delta_entropy,-0.6609843937575028,1.7471741555775953e-07,50
transalnet,Affective,model_auc,delta_num_peaks,-0.2947916915011433,0.03769097165437642,50
transalnet,Affective,model_auc,delta_center_distance,-0.272797118847539,0.05527527429234331,50
transalnet,Art,model_nss,delta_entropy,-0.6908523409363745,2.8127582307495235e-08,50
transalnet,Art,model_nss,delta_num_peaks,-0.43132314581991515,0.0017643200676786194,50
transalnet,Art,model_nss,delta_center_distance,-0.5490996398559423,3.6389915757068815e-05,50
transalnet,Art,model_cc,delta_entropy,-0.720720288115246,3.593974465739134e-09,50
transalnet,Art,model_cc,delta_num_peaks,-0.48030864952582103,0.0004154577064243136,50
transalnet,Art,model_cc,delta_center_distance,-0.6612725090036015,1.7183371169113117e-07,50
transalnet,Art,model_auc,delta_entropy,-0.6726050420168067,8.800393015540492e-08,50
transalnet,Art,model_auc,delta_num_peaks,-0.44434094700160276,0.00122643643240664,50
transalnet,Art,model_auc,delta_center_distance,-0.5340216086434574,6.495449426406071e-05,50
transalnet,BlackWhite,model_nss,delta_entropy,-0.44288115246098436,0.001278396796997115,50
transalnet,BlackWhite,model_nss,delta_num_peaks,-0.19564714144044398,0.17331026058502133,50
transalnet,BlackWhite,model_nss,delta_center_distance,-0.1632172869147659,0.25740572990427296,50
transalnet,BlackWhite,model_cc,delta_entropy,-0.4422088835534213,0.0013029805124150622,50
transalnet,BlackWhite,model_cc,delta_num_peaks,-0.2662961584999092,0.06158362350506815,50
transalnet,BlackWhite,model_cc,delta_center_distance,-0.4228091236494598,0.0022210941919348828,50
transalnet,BlackWhite,model_auc,delta_entropy,-0.44729891956782714,0.0011269003262025048,50
transalnet,BlackWhite,model_auc,delta_num_peaks,-0.20331485045918454,0.15673723163014402,50
transalnet,BlackWhite,model_auc,delta_center_distance,-0.04979591836734694,0.7312843187919351,50
transalnet,Cartoon,model_nss,delta_entropy,-0.6965186074429772,1.940485755304458e-08,50
transalnet,Cartoon,model_nss,delta_num_peaks,-0.1963440945400545,0.171753481951038,50
transalnet,Cartoon,model_nss,delta_center_distance,-0.2337094837935174,0.10236657480681308,50
transalnet,Cartoon,model_cc,delta_entropy,-0.7503001200480192,3.548571065875906e-10,50
transalnet,Cartoon,model_cc,delta_num_peaks,-0.2634142735829394,0.06455876608347587,50
transalnet,Cartoon,model_cc,delta_center_distance,-0.47630252100840337,0.00047148270031495984,50
transalnet,Cartoon,model_auc,delta_entropy,-0.584249699879952,8.409532175008192e-06,50
transalnet,Cartoon,model_auc,delta_num_peaks,-0.16329083101748337,0.25718845221244857,50
transalnet,Cartoon,model_auc,delta_center_distance,-0.15390156062424967,0.28592813762721164,50
transalnet,Fractal,model_nss,delta_entropy,-0.531140456182473,7.233367950435913e-05,50
transalnet,Fractal,model_nss,delta_num_peaks,-0.2504395494743062,0.07940338933323447,50
transalnet,Fractal,model_nss,delta_center_distance,-0.5602400960384153,2.328812328439191e-05,50
transalnet,Fractal,model_cc,delta_entropy,-0.6037454981992797,3.4577008147710818e-06,50
transalnet,Fractal,model_cc,delta_num_peaks,-0.2380739463590522,0.09593423493441448,50
transalnet,Fractal,model_cc,delta_center_distance,-0.72984393757503,1.817283443210883e-09,50
transalnet,Fractal,model_auc,delta_entropy,-0.5515006002400961,3.309688913530916e-05,50
transalnet,Fractal,model_auc,delta_num_peaks,-0.2842645260891836,0.0454249378649977,50
transalnet,Fractal,model_auc,delta_center_distance,-0.5185594237695077,0.00011442580758624209,50
transalnet,Indoor,model_nss,delta_entropy,-0.4698679471788715,0.0005758602357127506,50
transalnet,Indoor,model_nss,delta_num_peaks,-0.19648600425645024,0.17143774510562307,50
transalnet,Indoor,model_nss,delta_center_distance,-0.5413205282112845,4.923841481878995e-05,50
transalnet,Indoor,model_cc,delta_entropy,-0.48177671068427363,0.000396483937945415,50
transalnet,Indoor,model_cc,delta_num_peaks,-0.22561465717856555,0.1151701800739068,50
transalnet,Indoor,model_cc,delta_center_distance,-0.5293157262905162,7.739604950564266e-05,50
transalnet,Indoor,model_auc,delta_entropy,-0.5345978391356542,6.356410531492177e-05,50
transalnet,Indoor,model_auc,delta_num_peaks,-0.268031753417216,0.05984556157420827,50
transalnet,Indoor,model_auc,delta_center_distance,-0.5826170468187275,9.035863260477134e-06,50
transalnet,Inverted,model_nss,delta_entropy,-0.4233853541416566,0.002187158752726074,50
transalnet,Inverted,model_nss,delta_num_peaks,-0.1877749265901539,0.1916079909433184,50
transalnet,Inverted,model_nss,delta_center_distance,-0.2590636254501801,0.06926660740209632,50
transalnet,Inverted,model_cc,delta_entropy,-0.44768307322929174,0.0011145187563075568,50
transalnet,Inverted,model_cc,delta_num_peaks,-0.2053577506551632,0.15252484947522,50
transalnet,Inverted,model_cc,delta_center_distance,-0.4781272509003601,0.00044516918410093294,50
transalnet,Inverted,model_auc,delta_entropy,-0.48830732292917167,0.00032122175104880405,50
transalnet,Inverted,model_auc,delta_num_peaks,-0.2197130426315269,0.12524821334092348,50
transalnet,Inverted,model_auc,delta_center_distance,-0.21853541416566627,0.12733653122093552,50
transalnet,Jumbled,model_nss,delta_entropy,-0.5827130852340937,8.997858279255056e-06,50
transalnet,Jumbled,model_nss,delta_num_peaks,-0.20517719756857883,0.15289374687718232,50
transalnet,Jumbled,model_nss,delta_center_distance,-0.423577430972389,0.002175949619359769,50
transalnet,Jumbled,model_cc,delta_entropy,-0.5073229291716687,0.00016979956012444047,50
transalnet,Jumbled,model_cc,delta_num_peaks,-0.1968331319410837,0.17066718979870643,50
transalnet,Jumbled,model_cc,delta_center_distance,-0.5085714285714286,0.00016262388269630185,50
transalnet,Jumbled,model_auc,delta_entropy,-0.6342857142857142,7.585023641634177e-07,50
transalnet,Jumbled,model_auc,delta_num_peaks,-0.27757281899557384,0.050981906509007364,50
transalnet,Jumbled,model_auc,delta_center_distance,-0.4196398559423769,0.002416222006451145,50
transalnet,LineDrawing,model_nss,delta_entropy,0.17099639855942375,0.23510390053152827,50
transalnet,LineDrawing,model_nss,delta_num_peaks,0.6015364489708458,3.835362057886288e-06,50
transalnet,LineDrawing,model_nss,delta_center_distance,0.01042016806722689,0.9427451608408817,50
transalnet,LineDrawing,model_cc,delta_entropy,-0.022040816326530613,0.8792433004330111,50
transalnet,LineDrawing,model_cc,delta_num_peaks,0.549329627940409,3.60619129515701e-05,50
transalnet,LineDrawing,model_cc,delta_center_distance,-0.18434573829531814,0.19999434098642782,50
transalnet,LineDrawing,model_auc,delta_entropy,0.0902280912364946,0.5331892722160608,50
transalnet,LineDrawing,model_auc,delta_num_peaks,0.5739372792578977,1.3153346273189338e-05,50
transalnet,LineDrawing,model_auc,delta_center_distance,-0.13747899159663865,0.3410633035393228,50
transalnet,LowResolution,model_nss,delta_entropy,-0.03932773109243697,0.7862677701948961,50
transalnet,LowResolution,model_nss,delta_num_peaks,-0.10309512788462565,0.47618235773371165,50
transalnet,LowResolution,model_nss,delta_center_distance,-0.5630252100840337,2.077672007099903e-05,50
transalnet,LowResolution,model_cc,delta_entropy,-0.12720288115246098,0.37870018461219035,50
transalnet,LowResolution,model_cc,delta_num_peaks,0.005116143986783857,0.9718709861828305,50
transalnet,LowResolution,model_cc,delta_center_distance,-0.7012244897959183,1.4164029764108398e-08,50
transalnet,LowResolution,model_auc,delta_entropy,-0.11241296518607442,0.4370152835901213,50
transalnet,LowResolution,model_auc,delta_num_peaks,-0.25426270304129583,0.07477431888059152,50
transalnet,LowResolution,model_auc,delta_center_distance,-0.5238415366146458,9.459129863531154e-05,50
transalnet,Noisy,model_nss,delta_entropy,-0.638703481392557,6.007130618827276e-07,50
transalnet,Noisy,model_nss,delta_num_peaks,-0.49391776838660095,0.00026717316382570344,50
transalnet,Noisy,model_nss,delta_center_distance,-0.6101800720288115,2.5451193121511536e-06,50
transalnet,Noisy,model_cc,delta_entropy,-0.6017286914765906,3.801036000559499e-06,50
transalnet,Noisy,model_cc,delta_num_peaks,-0.4885187063078093,0.0003190180223820755,50
transalnet,Noisy,model_cc,delta_center_distance,-0.6287154861944777,1.0125611698010716e-06,50
transalnet,Noisy,model_auc,delta_entropy,-0.6277551020408163,1.0636635803798967e-06,50
transalnet,Noisy,model_auc,delta_num_peaks,-0.4738641092368034,0.0005088370233967712,50
transalnet,Noisy,model_auc,delta_center_distance,-0.5935654261704681,5.539669201602254e-06,50
transalnet,Object,model_nss,delta_entropy,-0.682689075630252,4.7327300049564795e-08,50
transalnet,Object,model_nss,delta_num_peaks,-0.33770125623059816,0.01646512501771152,50
transalnet,Object,model_nss,delta_center_distance,-0.6003841536614647,4.047211500800886e-06,50
transalnet,Object,model_cc,delta_entropy,-0.654453781512605,2.535742973569078e-07,50
transalnet,Object,model_cc,delta_num_peaks,-0.3117056868063919,0.02755495407111584,50
transalnet,Object,model_cc,delta_center_distance,-0.6554141656662664,2.401931585595607e-07,50
transalnet,Object,model_auc,delta_entropy,-0.6375510204081631,6.386236451763061e-07,50
transalnet,Object,model_auc,delta_num_peaks,-0.34498387400992125,0.014145539727611373,50
transalnet,Object,model_auc,delta_center_distance,-0.5551500600240096,2.861296857944826e-05,50
transalnet,OutdoorManMade,model_nss,delta_entropy,-0.26626650660264106,0.06161366531996924,50
transalnet,OutdoorManMade,model_nss,delta_num_peaks,-0.11371368459891017,0.431694579662249,50
transalnet,OutdoorManMade,model_nss,delta_center_distance,-0.3831452581032413,0.006025553251522961,50
transalnet,OutdoorManMade,model_cc,delta_entropy,-0.1997118847539016,0.16437352566901103,50
transalnet,OutdoorManMade,model_cc,delta_num_peaks,-0.00823942375695493,0.9547133979889365,50
transalnet,OutdoorManMade,model_cc,delta_center_distance,-0.506842737094838,0.00017263533721850036,50
transalnet,OutdoorManMade,model_auc,delta_entropy,-0.33925570228091234,0.015944579489967792,50
transalnet,OutdoorManMade,model_auc,delta_num_peaks,-0.1985652941661478,0.16685965304722383,50
transalnet,OutdoorManMade,model_auc,delta_center_distance,-0.3675870348139256,0.008636050083755733,50
transalnet,OutdoorNatural,model_nss,delta_entropy,-0.44624249699879953,0.0011615868068726696,50
transalnet,OutdoorNatural,model_nss,delta_num_peaks,0.15156414134424515,0.29339715765537894,50
transalnet,OutdoorNatural,model_nss,delta_center_distance,-0.5652340936374549,1.896504703917286e-05,50
transalnet,OutdoorNatural,model_cc,delta_entropy,-0.49445378151260505,0.0002624679632953387,50
transalnet,OutdoorNatural,model_cc,delta_num_peaks,0.14057983612285674,0.3301786993328677,50
transalnet,OutdoorNatural,model_cc,delta_center_distance,-0.6800960384153661,5.564056054808792e-08,50
transalnet,OutdoorNatural,model_auc,delta_entropy,-0.46400960384153656,0.0006885369325489645,50
transalnet,OutdoorNatural,model_auc,delta_num_peaks,0.10598891003094064,0.4638230958038364,50
transalnet,OutdoorNatural,model_auc,delta_center_distance,-0.5378631452581032,5.618712406525952e-05,50
transalnet,Pattern,model_nss,delta_entropy,-0.13728691476590635,0.3417447678981601,50
transalnet,Pattern,model_nss,delta_num_peaks,0.025569557907609883,0.860089871944119,50
transalnet,Pattern,model_nss,delta_center_distance,-0.4405762304921968,0.0013644509387878807,50
transalnet,Pattern,model_cc,delta_entropy,-0.38237695078031214,0.006136075004708871,50
transalnet,Pattern,model_cc,delta_num_peaks,-0.028068838003842432,0.8465715874576937,50
transalnet,Pattern,model_cc,delta_center_distance,-0.7113085234093637,7.066050975011408e-09,50
transalnet,Pattern,model_auc,delta_entropy,-0.07178871548619448,0.6203010909885868,50
transalnet,Pattern,model_auc,delta_num_peaks,-0.09050277733088236,0.5319383415830743,50
transalnet,Pattern,model_auc,delta_center_distance,-0.41147659063625447,0.0029904680762582393,50
transalnet,Random,model_nss,delta_entropy,-0.605858343337335,3.1290434508593347e-06,50
transalnet,Random,model_nss,delta_num_peaks,-0.0733683211866298,0.6126081989571023,50
transalnet,Random,model_nss,delta_center_distance,-0.5880912364945978,7.090799199648814e-06,50
transalnet,Random,model_cc,delta_entropy,-0.5708043217286916,1.5023232221461026e-05,50
transalnet,Random,model_cc,delta_num_peaks,-0.13952563982919108,0.3338544474704873,50
transalnet,Random,model_cc,delta_center_distance,-0.7237935174069627,2.8649980697438393e-09,50
transalnet,Random,model_auc,delta_entropy,-0.6241056422569028,1.2805721521281528e-06,50
transalnet,Random,model_auc,delta_num_peaks,-0.09098446162985753,0.5297482153603883,50
transalnet,Random,model_auc,delta_center_distance,-0.5343097238895558,6.425585486747802e-05,50
transalnet,Satelite,model_nss,delta_entropy,-0.23879951980792313,0.09489594953093937,50
transalnet,Satelite,model_nss,delta_num_peaks,-0.046957027055306605,0.7460766858613388,50
transalnet,Satelite,model_nss,delta_center_distance,-0.3404081632653061,0.015567752221492247,50
transalnet,Satelite,model_cc,delta_entropy,-0.3129411764705882,0.026913861381266377,50
transalnet,Satelite,model_cc,delta_num_peaks,0.023382290111556365,0.8719533271954284,50
transalnet,Satelite,model_cc,delta_center_distance,-0.5848259303721489,8.198237379381033e-06,50
transalnet,Satelite,model_auc,delta_entropy,-0.22391356542617047,0.11800950720387045,50
transalnet,Satelite,model_auc,delta_num_peaks,-0.08842931939308764,0.5414163748392087,50
transalnet,Satelite,model_auc,delta_center_distance,-0.3299399759903961,0.01928561956640225,50
transalnet,Sketch,model_nss,delta_entropy,-0.17589435774309725,0.22176212517696683,50
transalnet,Sketch,model_nss,delta_num_peaks,-0.05662918036432966,0.6960822023801607,50
transalnet,Sketch,model_nss,delta_center_distance,-0.4012965186074429,0.003873221094815566,50
transalnet,Sketch,model_cc,delta_entropy,-0.36585834333733486,0.008979088540080529,50
transalnet,Sketch,model_cc,delta_num_peaks,-0.3138019372277432,0.026474623219022407,50
transalnet,Sketch,model_cc,delta_center_distance,-0.5825210084033614,9.074016617244683e-06,50
transalnet,Sketch,model_auc,delta_entropy,-0.21872749099639854,0.1269941381176187,50
transalnet,Sketch,model_auc,delta_num_peaks,-0.1265828737555604,0.38104738121710346,50
transalnet,Sketch,model_auc,delta_center_distance,-0.48744297719087637,0.00033037700956771877,50
transalnet,Social,model_nss,delta_entropy,-0.6061464585834333,3.0865440879329394e-06,50
transalnet,Social,model_nss,delta_num_peaks,-0.4078088536943524,0.0032855580234169434,50
transalnet,Social,model_nss,delta_center_distance,-0.513469387755102,0.00013706089069164036,50
transalnet,Social,model_cc,delta_entropy,-0.6342857142857142,7.585023641634177e-07,50
transalnet,Social,model_cc,delta_num_peaks,-0.4008772584474229,0.003914038768520054,50
transalnet,Social,model_cc,delta_center_distance,-0.6592557022809122,1.9299243072453706e-07,50
transalnet,Social,model_auc,delta_entropy,-0.5784873949579831,1.0817687958297929e-05,50
transalnet,Social,model_auc,delta_num_peaks,-0.4069905403665899,0.0033547965976439545,50
transalnet,Social,model_auc,delta_center_distance,-0.4560384153661464,0.0008736508596146004,50
